Date,Sample.ID,Fragment.ID,Plug.Number,Chamber.Channel,Position,Bin.ID,Run,Species,Site,Fragment.Number,Sample.Type,Temp.Cat,Chamber.Vol.L,Start.time,Stop.time,Light_Dark,Light_Level,Light_Value,Notes
20201004,ACR-247_20200104,ACR-247,ACR-247,4,6,1,1,Acropora,Site2,1,Sample,28.5,0.615,11:00,11:12,Dark,1,0,
20201004,POC-219_20200104,POC-219,POC-219,6,3,2,1,Pocillopora,Site2,2,Sample,28.5,0.605,11:00,11:12,Dark,1,0,
20201004,POR-242_20200104,POR-242,POR-242,8,1,2,1,Porites,Site2,3,Sample,28.5,0.595,11:00,11:12,Dark,1,0,
20201004,ACR-243_20200104,ACR-243,ACR-243,5,4,2,1,Acropora,Site2,4,Sample,28.5,0.62,11:00,11:12,Dark,1,0,
20201004,BK-1_20200104,BK-1,BK-1,10,5,2,1,BK,Site2,NA,Blank,28.5,0.605,11:00,11:12,Dark,1,0,
20201004,POR-262_20200104,POR-262,POR-262,2,7,1,1,Acropora,Site2,5,Sample,28.5,0.59,11:00,11:12,Dark,1,0,
20201004,POR-214_20200104,POR-214,POR-214,7,10,1,1,Porites,Site2,6,Sample,28.5,0.615,11:00,11:12,Dark,1,0,
20201004,POR-221_20200104,POR-221,POR-221,9,9,1,1,Porites,Site2,7,Sample,28.5,0.59,11:00,11:12,Dark,1,0,
20201004,POC-254_20200104,POC-254,POC-254,3,11,1,1,Pocillopora,Site2,8,Sample,28.5,0.615,11:00,11:12,Dark,1,0,
20201004,POC-239_20200104,POC-239,POC-239,1,12,1,1,Pocillopora,Site2,9,Sample,28.5,0.6,11:00,11:12,Dark,1,0,
20201004,ACR-247_20200104,ACR-247,ACR-247,4,6,1,1,Acropora,Site2,1,Sample,28.5,0.615,11:19,11:29,Light,2,26,
20201004,POC-219_20200104,POC-219,POC-219,6,3,2,1,Pocillopora,Site2,2,Sample,28.5,0.605,11:19,11:29,Light,2,26,
20201004,POR-242_20200104,POR-242,POR-242,8,1,2,1,Porites,Site2,3,Sample,28.5,0.595,11:19,11:29,Light,2,26,
20201004,ACR-243_20200104,ACR-243,ACR-243,5,4,2,1,Acropora,Site2,4,Sample,28.5,0.62,11:19,11:29,Light,2,26,
20201004,BK-1_20200104,BK-1,BK-1,10,5,2,1,BK,Site2,NA,Blank,28.5,0.605,11:19,11:29,Light,2,26,
20201004,POR-262_20200104,POR-262,POR-262,2,7,1,1,Acropora,Site2,5,Sample,28.5,0.59,11:19,11:29,Light,2,26,
20201004,POR-214_20200104,POR-214,POR-214,7,10,1,1,Porites,Site2,6,Sample,28.5,0.615,11:19,11:29,Light,2,26,
20201004,POR-221_20200104,POR-221,POR-221,9,9,1,1,Porites,Site2,7,Sample,28.5,0.59,11:19,11:29,Light,2,26,
20201004,POC-254_20200104,POC-254,POC-254,3,11,1,1,Pocillopora,Site2,8,Sample,28.5,0.615,11:19,11:29,Light,2,26,
20201004,POC-239_20200104,POC-239,POC-239,1,12,1,1,Pocillopora,Site2,9,Sample,28.5,0.6,11:19,11:29,Light,2,26,
20201004,ACR-247_20200104,ACR-247,ACR-247,4,6,1,1,Acropora,Site2,1,Sample,28.5,0.615,11:31,11:41,Light,3,67,
20201004,POC-219_20200104,POC-219,POC-219,6,3,2,1,Pocillopora,Site2,2,Sample,28.5,0.605,11:31,11:41,Light,3,67,
20201004,POR-242_20200104,POR-242,POR-242,8,1,2,1,Porites,Site2,3,Sample,28.5,0.595,11:31,11:41,Light,3,67,
20201004,ACR-243_20200104,ACR-243,ACR-243,5,4,2,1,Acropora,Site2,4,Sample,28.5,0.62,11:31,11:41,Light,3,67,
20201004,BK-1_20200104,BK-1,BK-1,10,5,2,1,BK,Site2,NA,Blank,28.5,0.605,11:31,11:41,Light,3,67,
20201004,POR-262_20200104,POR-262,POR-262,2,7,1,1,Acropora,Site2,5,Sample,28.5,0.59,11:31,11:41,Light,3,67,
20201004,POR-214_20200104,POR-214,POR-214,7,10,1,1,Porites,Site2,6,Sample,28.5,0.615,11:31,11:41,Light,3,67,
20201004,POR-221_20200104,POR-221,POR-221,9,9,1,1,Porites,Site2,7,Sample,28.5,0.59,11:31,11:41,Light,3,67,
20201004,POC-254_20200104,POC-254,POC-254,3,11,1,1,Pocillopora,Site2,8,Sample,28.5,0.615,11:31,11:41,Light,3,67,
20201004,POC-239_20200104,POC-239,POC-239,1,12,1,1,Pocillopora,Site2,9,Sample,28.5,0.6,11:31,11:41,Light,3,67,
20201004,ACR-247_20200104,ACR-247,ACR-247,4,6,1,1,Acropora,Site2,1,Sample,28.5,0.615,11:45,11:55,Light,4,94,
20201004,POC-219_20200104,POC-219,POC-219,6,3,2,1,Pocillopora,Site2,2,Sample,28.5,0.605,11:45,11:55,Light,4,94,
20201004,POR-242_20200104,POR-242,POR-242,8,1,2,1,Porites,Site2,3,Sample,28.5,0.595,11:45,11:55,Light,4,94,
20201004,ACR-243_20200104,ACR-243,ACR-243,5,4,2,1,Acropora,Site2,4,Sample,28.5,0.62,11:45,11:55,Light,4,94,
20201004,BK-1_20200104,BK-1,BK-1,10,5,2,1,BK,Site2,NA,Blank,28.5,0.605,11:45,11:55,Light,4,94,
20201004,POR-262_20200104,POR-262,POR-262,2,7,1,1,Acropora,Site2,5,Sample,28.5,0.59,11:45,11:55,Light,4,94,
20201004,POR-214_20200104,POR-214,POR-214,7,10,1,1,Porites,Site2,6,Sample,28.5,0.615,11:45,11:55,Light,4,94,
20201004,POR-221_20200104,POR-221,POR-221,9,9,1,1,Porites,Site2,7,Sample,28.5,0.59,11:45,11:55,Light,4,94,
20201004,POC-254_20200104,POC-254,POC-254,3,11,1,1,Pocillopora,Site2,8,Sample,28.5,0.615,11:45,11:55,Light,4,94,
20201004,POC-239_20200104,POC-239,POC-239,1,12,1,1,Pocillopora,Site2,9,Sample,28.5,0.6,11:45,11:55,Light,4,94,
20201004,ACR-247_20200104,ACR-247,ACR-247,4,6,1,1,Acropora,Site2,1,Sample,28.5,0.615,11:57,12:08,Light,5,120,
20201004,POC-219_20200104,POC-219,POC-219,6,3,2,1,Pocillopora,Site2,2,Sample,28.5,0.605,11:57,12:08,Light,5,120,
20201004,POR-242_20200104,POR-242,POR-242,8,1,2,1,Porites,Site2,3,Sample,28.5,0.595,11:57,12:08,Light,5,120,
20201004,ACR-243_20200104,ACR-243,ACR-243,5,4,2,1,Acropora,Site2,4,Sample,28.5,0.62,11:57,12:08,Light,5,120,
20201004,BK-1_20200104,BK-1,BK-1,10,5,2,1,BK,Site2,NA,Blank,28.5,0.605,11:57,12:08,Light,5,120,
20201004,POR-262_20200104,POR-262,POR-262,2,7,1,1,Acropora,Site2,5,Sample,28.5,0.59,11:57,12:08,Light,5,120,
20201004,POR-214_20200104,POR-214,POR-214,7,10,1,1,Porites,Site2,6,Sample,28.5,0.615,11:57,12:08,Light,5,120,
20201004,POR-221_20200104,POR-221,POR-221,9,9,1,1,Porites,Site2,7,Sample,28.5,0.59,11:57,12:08,Light,5,120,
20201004,POC-254_20200104,POC-254,POC-254,3,11,1,1,Pocillopora,Site2,8,Sample,28.5,0.615,11:57,12:08,Light,5,120,
20201004,POC-239_20200104,POC-239,POC-239,1,12,1,1,Pocillopora,Site2,9,Sample,28.5,0.6,11:57,12:08,Light,5,120,
20201004,ACR-247_20200104,ACR-247,ACR-247,4,6,1,1,Acropora,Site2,1,Sample,28.5,0.615,12:10,12:20,Light,6,175,
20201004,POC-219_20200104,POC-219,POC-219,6,3,2,1,Pocillopora,Site2,2,Sample,28.5,0.605,12:10,12:20,Light,6,175,
20201004,POR-242_20200104,POR-242,POR-242,8,1,2,1,Porites,Site2,3,Sample,28.5,0.595,12:10,12:20,Light,6,175,
20201004,ACR-243_20200104,ACR-243,ACR-243,5,4,2,1,Acropora,Site2,4,Sample,28.5,0.62,12:10,12:20,Light,6,175,
20201004,BK-1_20200104,BK-1,BK-1,10,5,2,1,BK,Site2,NA,Blank,28.5,0.605,12:10,12:20,Light,6,175,
20201004,POR-262_20200104,POR-262,POR-262,2,7,1,1,Acropora,Site2,5,Sample,28.5,0.59,12:10,12:20,Light,6,175,
20201004,POR-214_20200104,POR-214,POR-214,7,10,1,1,Porites,Site2,6,Sample,28.5,0.615,12:10,12:20,Light,6,175,
20201004,POR-221_20200104,POR-221,POR-221,9,9,1,1,Porites,Site2,7,Sample,28.5,0.59,12:10,12:20,Light,6,175,
20201004,POC-254_20200104,POC-254,POC-254,3,11,1,1,Pocillopora,Site2,8,Sample,28.5,0.615,12:10,12:20,Light,6,175,
20201004,POC-239_20200104,POC-239,POC-239,1,12,1,1,Pocillopora,Site2,9,Sample,28.5,0.6,12:10,12:20,Light,6,175,
20201004,ACR-247_20200104,ACR-247,ACR-247,4,6,1,1,Acropora,Site2,1,Sample,28.5,0.615,12:22,12:32,Light,7,280,
20201004,POC-219_20200104,POC-219,POC-219,6,3,2,1,Pocillopora,Site2,2,Sample,28.5,0.605,12:22,12:32,Light,7,280,
20201004,POR-242_20200104,POR-242,POR-242,8,1,2,1,Porites,Site2,3,Sample,28.5,0.595,12:22,12:32,Light,7,280,
20201004,ACR-243_20200104,ACR-243,ACR-243,5,4,2,1,Acropora,Site2,4,Sample,28.5,0.62,12:22,12:32,Light,7,280,
20201004,BK-1_20200104,BK-1,BK-1,10,5,2,1,BK,Site2,NA,Blank,28.5,0.605,12:22,12:32,Light,7,280,
20201004,POR-262_20200104,POR-262,POR-262,2,7,1,1,Acropora,Site2,5,Sample,28.5,0.59,12:22,12:32,Light,7,280,
20201004,POR-214_20200104,POR-214,POR-214,7,10,1,1,Porites,Site2,6,Sample,28.5,0.615,12:22,12:32,Light,7,280,
20201004,POR-221_20200104,POR-221,POR-221,9,9,1,1,Porites,Site2,7,Sample,28.5,0.59,12:22,12:32,Light,7,280,
20201004,POC-254_20200104,POC-254,POC-254,3,11,1,1,Pocillopora,Site2,8,Sample,28.5,0.615,12:22,12:32,Light,7,280,
20201004,POC-239_20200104,POC-239,POC-239,1,12,1,1,Pocillopora,Site2,9,Sample,28.5,0.6,12:22,12:32,Light,7,280,
20201004,ACR-247_20200104,ACR-247,ACR-247,4,6,1,1,Acropora,Site2,1,Sample,28.5,0.615,12:38,12:48,Light,8,437,
20201004,POC-219_20200104,POC-219,POC-219,6,3,2,1,Pocillopora,Site2,2,Sample,28.5,0.605,12:38,12:48,Light,8,437,
20201004,POR-242_20200104,POR-242,POR-242,8,1,2,1,Porites,Site2,3,Sample,28.5,0.595,12:38,12:48,Light,8,437,
20201004,ACR-243_20200104,ACR-243,ACR-243,5,4,2,1,Acropora,Site2,4,Sample,28.5,0.62,12:38,12:48,Light,8,437,
20201004,BK-1_20200104,BK-1,BK-1,10,5,2,1,BK,Site2,NA,Blank,28.5,0.605,12:38,12:48,Light,8,437,
20201004,POR-262_20200104,POR-262,POR-262,2,7,1,1,Acropora,Site2,5,Sample,28.5,0.59,12:38,12:48,Light,8,437,
20201004,POR-214_20200104,POR-214,POR-214,7,10,1,1,Porites,Site2,6,Sample,28.5,0.615,12:38,12:48,Light,8,437,
20201004,POR-221_20200104,POR-221,POR-221,9,9,1,1,Porites,Site2,7,Sample,28.5,0.59,12:38,12:48,Light,8,437,
20201004,POC-254_20200104,POC-254,POC-254,3,11,1,1,Pocillopora,Site2,8,Sample,28.5,0.615,12:38,12:48,Light,8,437,
20201004,POC-239_20200104,POC-239,POC-239,1,12,1,1,Pocillopora,Site2,9,Sample,28.5,0.6,12:38,12:48,Light,8,437,
20201004,ACR-247_20200104,ACR-247,ACR-247,4,6,1,1,Acropora,Site2,1,Sample,28.5,0.615,12:50,13:00,Light,9,437,
20201004,POC-219_20200104,POC-219,POC-219,6,3,2,1,Pocillopora,Site2,2,Sample,28.5,0.605,12:50,13:00,Light,9,652,
20201004,POR-242_20200104,POR-242,POR-242,8,1,2,1,Porites,Site2,3,Sample,28.5,0.595,12:50,13:00,Light,9,652,
20201004,ACR-243_20200104,ACR-243,ACR-243,5,4,2,1,Acropora,Site2,4,Sample,28.5,0.62,12:50,13:00,Light,9,652,
20201004,BK-1_20200104,BK-1,BK-1,10,5,2,1,BK,Site2,NA,Blank,28.5,0.605,12:50,13:00,Light,9,652,
20201004,POR-262_20200104,POR-262,POR-262,2,7,1,1,Acropora,Site2,5,Sample,28.5,0.59,12:50,13:00,Light,9,652,
20201004,POR-214_20200104,POR-214,POR-214,7,10,1,1,Porites,Site2,6,Sample,28.5,0.615,12:50,13:00,Light,9,652,
20201004,POR-221_20200104,POR-221,POR-221,9,9,1,1,Porites,Site2,7,Sample,28.5,0.59,12:50,13:00,Light,9,652,
20201004,POC-254_20200104,POC-254,POC-254,3,11,1,1,Pocillopora,Site2,8,Sample,28.5,0.615,12:50,13:00,Light,9,652,
20201004,POC-239_20200104,POC-239,POC-239,1,12,1,1,Pocillopora,Site2,9,Sample,28.5,0.6,12:50,13:00,Light,9,652,
20201004,ACR-247_20200104,ACR-247,ACR-247,4,6,1,1,Acropora,Site2,1,Sample,28.5,0.615,13:02,13:12,Light,10,733,
20201004,POC-219_20200104,POC-219,POC-219,6,3,2,1,Pocillopora,Site2,2,Sample,28.5,0.605,13:02,13:12,Light,10,733,
20201004,POR-242_20200104,POR-242,POR-242,8,1,2,1,Porites,Site2,3,Sample,28.5,0.595,13:02,13:12,Light,10,733,
20201004,ACR-243_20200104,ACR-243,ACR-243,5,4,2,1,Acropora,Site2,4,Sample,28.5,0.62,13:02,13:12,Light,10,733,
20201004,BK-1_20200104,BK-1,BK-1,10,5,2,1,BK,Site2,NA,Blank,28.5,0.605,13:02,13:12,Light,10,733,
20201004,POR-262_20200104,POR-262,POR-262,2,7,1,1,Porites,Site2,5,Sample,28.5,0.59,13:02,13:12,Light,10,733,
20201004,POR-214_20200104,POR-214,POR-214,7,10,1,1,Porites,Site2,6,Sample,28.5,0.615,13:02,13:12,Light,10,733,
20201004,POR-221_20200104,POR-221,POR-221,9,9,1,1,Porites,Site2,7,Sample,28.5,0.59,13:02,13:12,Light,10,733,
20201004,POC-254_20200104,POC-254,POC-254,3,11,1,1,Pocillopora,Site2,8,Sample,28.5,0.615,13:02,13:12,Light,10,733,
20201004,POC-239_20200104,POC-239,POC-239,1,12,1,1,Pocillopora,Site2,9,Sample,28.5,0.6,13:02,13:12,Light,10,733,
20201004,ACR-256_20200104,ACR-256,ACR-256,4,6,1,2,Acropora,Site2,1,Sample,28.5,0.61,16:34,16:46,Dark,1,0,
20201004,ACR-267_20200104,ACR-267,ACR-267,6,3,1,2,Acropora,Site2,2,Sample,28.5,0.61,16:34,16:46,Dark,1,0,
20201004,ACR-244_20200104,ACR-244,ACR-244,8,1,1,2,Acropora,Site2,3,Sample,28.5,0.605,16:34,16:46,Dark,1,0,
20201004,POC-248_20201004,POC-248,POC-248,5,4,1,2,Pocillopora,Site2,4,Sample,28.5,0.615,16:34,16:46,Dark,1,0,
20201004,POC-201_20201004,POC-201,POC-201,10,5,1,2,Pocillopora,Site2,NA,Blank,28.5,0.605,16:34,16:46,Dark,1,0,
20201004,POR-236_20200104,POR-236,POR-236,2,7,2,2,Porites,Site2,5,Sample,28.5,0.615,16:34,16:46,Dark,1,0,
20201004,POR-235_20200104,POR-235,POR-235,7,10,2,2,Porites,Site2,6,Sample,28.5,0.61,16:34,16:46,Dark,1,0,
20201004,POC-255_20200104,POC-255,POC-255,9,9,2,2,Pocillopora,Site2,7,Sample,28.5,0.615,16:34,16:46,Dark,1,0,
20201004,ACR228-20200104,ACR-228,ACR-228,3,11,2,2,Acropora,Site2,8,Sample,28.5,0.61,16:34,16:46,Dark,1,0,
20201004,BK-2_20200104,BK-2,BK-2,1,12,2,2,BK,Site2,9,Sample,28.5,0.575,16:34,16:46,Dark,1,0,
20201004,ACR-256_20200104,ACR-256,ACR-256,4,6,1,2,Acropora,Site2,1,Sample,28.5,0.61,16:50,17:01,Light,2,26,
20201004,ACR-267_20200104,ACR-267,ACR-267,6,3,1,2,Acropora,Site2,2,Sample,28.5,0.61,16:50,17:01,Light,2,26,
20201004,ACR-244_20200104,ACR-244,ACR-244,8,1,1,2,Acropora,Site2,3,Sample,28.5,0.605,16:50,17:01,Light,2,26,
20201004,POC-248_20201004,POC-248,POC-248,5,4,1,2,Pocillopora,Site2,4,Sample,28.5,0.615,16:50,17:01,Light,2,26,
20201004,POC-201_20201004,POC-201,POC-201,10,5,1,2,Pocillopora,Site2,NA,Blank,28.5,0.605,16:50,17:01,Light,2,26,
20201004,POR-236_20200104,POR-236,POR-236,2,7,2,2,Porites,Site2,5,Sample,28.5,0.615,16:50,17:01,Light,2,26,
20201004,POR-235_20200104,POR-235,POR-235,7,10,2,2,Porites,Site2,6,Sample,28.5,0.61,16:50,17:01,Light,2,26,
20201004,POC-255_20200104,POC-255,POC-255,9,9,2,2,Pocillopora,Site2,7,Sample,28.5,0.615,16:50,17:01,Light,2,26,
20201004,ACR228-20200104,ACR-228,ACR-228,3,11,2,2,Acropora,Site2,8,Sample,28.5,0.61,16:50,17:01,Light,2,26,
20201004,BK-2_20200104,BK-2,BK-2,1,12,2,2,BK,Site2,9,Sample,28.5,0.575,16:50,17:01,Light,2,26,
20201004,ACR-256_20200104,ACR-256,ACR-256,4,6,1,2,Acropora,Site2,1,Sample,28.5,0.61,17:03,17:13,Light,3,67,
20201004,ACR-267_20200104,ACR-267,ACR-267,6,3,1,2,Acropora,Site2,2,Sample,28.5,0.61,17:03,17:13,Light,3,67,
20201004,ACR-244_20200104,ACR-244,ACR-244,8,1,1,2,Acropora,Site2,3,Sample,28.5,0.605,17:03,17:13,Light,3,67,
20201004,POC-248_20201004,POC-248,POC-248,5,4,1,2,Pocillopora,Site2,4,Sample,28.5,0.615,17:03,17:13,Light,3,67,
20201004,POC-201_20201004,POC-201,POC-201,10,5,1,2,Pocillopora,Site2,NA,Blank,28.5,0.605,17:03,17:13,Light,3,67,
20201004,POR-236_20200104,POR-236,POR-236,2,7,2,2,Porites,Site2,5,Sample,28.5,0.615,17:03,17:13,Light,3,67,
20201004,POR-235_20200104,POR-235,POR-235,7,10,2,2,Porites,Site2,6,Sample,28.5,0.61,17:03,17:13,Light,3,67,
20201004,POC-255_20200104,POC-255,POC-255,9,9,2,2,Pocillopora,Site2,7,Sample,28.5,0.615,17:03,17:13,Light,3,67,
20201004,ACR228-20200104,ACR-228,ACR-228,3,11,2,2,Acropora,Site2,8,Sample,28.5,0.61,17:03,17:13,Light,3,67,
20201004,BK-2_20200104,BK-2,BK-2,1,12,2,2,BK,Site2,9,Sample,28.5,0.575,17:03,17:13,Light,3,67,
20201004,ACR-256_20200104,ACR-256,ACR-256,4,6,1,2,Acropora,Site2,1,Sample,28.5,0.61,17:15,17:25,Light,4,94,
20201004,ACR-267_20200104,ACR-267,ACR-267,6,3,1,2,Acropora,Site2,2,Sample,28.5,0.61,17:15,17:25,Light,4,94,
20201004,ACR-244_20200104,ACR-244,ACR-244,8,1,1,2,Acropora,Site2,3,Sample,28.5,0.605,17:15,17:25,Light,4,94,
20201004,POC-248_20201004,POC-248,POC-248,5,4,1,2,Pocillopora,Site2,4,Sample,28.5,0.615,17:15,17:25,Light,4,94,
20201004,POC-201_20201004,POC-201,POC-201,10,5,1,2,Pocillopora,Site2,NA,Blank,28.5,0.605,17:15,17:25,Light,4,94,
20201004,POR-236_20200104,POR-236,POR-236,2,7,2,2,Porites,Site2,5,Sample,28.5,0.615,17:15,17:25,Light,4,94,
20201004,POR-235_20200104,POR-235,POR-235,7,10,2,2,Porites,Site2,6,Sample,28.5,0.61,17:15,17:25,Light,4,94,
20201004,POC-255_20200104,POC-255,POC-255,9,9,2,2,Pocillopora,Site2,7,Sample,28.5,0.615,17:15,17:25,Light,4,94,
20201004,ACR228-20200104,ACR-228,ACR-228,3,11,2,2,Acropora,Site2,8,Sample,28.5,0.61,17:15,17:25,Light,4,94,
20201004,BK-2_20200104,BK-2,BK-2,1,12,2,2,BK,Site2,9,Sample,28.5,0.575,17:15,17:25,Light,4,94,
20201004,ACR-256_20200104,ACR-256,ACR-256,4,6,1,2,Acropora,Site2,1,Sample,28.5,0.61,17:28,17:40,Light,5,120,
20201004,ACR-267_20200104,ACR-267,ACR-267,6,3,1,2,Acropora,Site2,2,Sample,28.5,0.61,17:28,17:40,Light,5,120,
20201004,ACR-244_20200104,ACR-244,ACR-244,8,1,1,2,Acropora,Site2,3,Sample,28.5,0.605,17:28,17:40,Light,5,120,
20201004,POC-248_20201004,POC-248,POC-248,5,4,1,2,Pocillopora,Site2,4,Sample,28.5,0.615,17:28,17:40,Light,5,120,
20201004,POC-201_20201004,POC-201,POC-201,10,5,1,2,Pocillopora,Site2,NA,Blank,28.5,0.605,17:28,17:40,Light,5,120,
20201004,POR-236_20200104,POR-236,POR-236,2,7,2,2,Porites,Site2,5,Sample,28.5,0.615,17:28,17:40,Light,5,120,
20201004,POR-235_20200104,POR-235,POR-235,7,10,2,2,Porites,Site2,6,Sample,28.5,0.61,17:28,17:40,Light,5,120,
20201004,POC-255_20200104,POC-255,POC-255,9,9,2,2,Pocillopora,Site2,7,Sample,28.5,0.615,17:28,17:40,Light,5,120,
20201004,ACR228-20200104,ACR-228,ACR-228,3,11,2,2,Acropora,Site2,8,Sample,28.5,0.61,17:28,17:40,Light,5,120,
20201004,BK-2_20200104,BK-2,BK-2,1,12,2,2,BK,Site2,9,Sample,28.5,0.575,17:28,17:40,Light,5,120,
20201004,ACR-256_20200104,ACR-256,ACR-256,4,6,1,2,Acropora,Site2,1,Sample,28.5,0.61,17:42,17:53,Light,6,175,
20201004,ACR-267_20200104,ACR-267,ACR-267,6,3,1,2,Acropora,Site2,2,Sample,28.5,0.61,17:42,17:53,Light,6,175,
20201004,ACR-244_20200104,ACR-244,ACR-244,8,1,1,2,Acropora,Site2,3,Sample,28.5,0.605,17:42,17:53,Light,6,175,
20201004,POC-248_20201004,POC-248,POC-248,5,4,1,2,Pocillopora,Site2,4,Sample,28.5,0.615,17:42,17:53,Light,6,175,
20201004,POC-201_20201004,POC-201,POC-201,10,5,1,2,Pocillopora,Site2,NA,Blank,28.5,0.605,17:42,17:53,Light,6,175,
20201004,POR-236_20200104,POR-236,POR-236,2,7,2,2,Porites,Site2,5,Sample,28.5,0.615,17:42,17:53,Light,6,175,
20201004,POR-235_20200104,POR-235,POR-235,7,10,2,2,Porites,Site2,6,Sample,28.5,0.61,17:42,17:53,Light,6,175,
20201004,POC-255_20200104,POC-255,POC-255,9,9,2,2,Pocillopora,Site2,7,Sample,28.5,0.615,17:42,17:53,Light,6,175,
20201004,ACR228-20200104,ACR-228,ACR-228,3,11,2,2,Acropora,Site2,8,Sample,28.5,0.61,17:42,17:53,Light,6,175,
20201004,BK-2_20200104,BK-2,BK-2,1,12,2,2,BK,Site2,9,Sample,28.5,0.575,17:42,17:53,Light,6,175,
20201004,ACR-256_20200104,ACR-256,ACR-256,4,6,1,2,Acropora,Site2,1,Sample,28.5,0.61,17:55,18:05,Light,7,280,
20201004,ACR-267_20200104,ACR-267,ACR-267,6,3,1,2,Acropora,Site2,2,Sample,28.5,0.61,17:55,18:05,Light,7,280,
20201004,ACR-244_20200104,ACR-244,ACR-244,8,1,1,2,Acropora,Site2,3,Sample,28.5,0.605,17:55,18:05,Light,7,280,
20201004,POC-248_20201004,POC-248,POC-248,5,4,1,2,Pocillopora,Site2,4,Sample,28.5,0.615,17:55,18:05,Light,7,280,
20201004,POC-201_20201004,POC-201,POC-201,10,5,1,2,Pocillopora,Site2,NA,Blank,28.5,0.605,17:55,18:05,Light,7,280,
20201004,POR-236_20200104,POR-236,POR-236,2,7,2,2,Porites,Site2,5,Sample,28.5,0.615,17:55,18:05,Light,7,280,
20201004,POR-235_20200104,POR-235,POR-235,7,10,2,2,Porites,Site2,6,Sample,28.5,0.61,17:55,18:05,Light,7,280,
20201004,POC-255_20200104,POC-255,POC-255,9,9,2,2,Pocillopora,Site2,7,Sample,28.5,0.615,17:55,18:05,Light,7,280,
20201004,ACR228-20200104,ACR-228,ACR-228,3,11,2,2,Acropora,Site2,8,Sample,28.5,0.61,17:55,18:05,Light,7,280,
20201004,BK-2_20200104,BK-2,BK-2,1,12,2,2,BK,Site2,9,Sample,28.5,0.575,17:55,18:05,Light,7,280,
20201004,ACR-256_20200104,ACR-256,ACR-256,4,6,1,2,Acropora,Site2,1,Sample,28.5,0.61,18:10,18:24,Light,8,437,
20201004,ACR-267_20200104,ACR-267,ACR-267,6,3,1,2,Acropora,Site2,2,Sample,28.5,0.61,18:10,18:24,Light,8,437,
20201004,ACR-244_20200104,ACR-244,ACR-244,8,1,1,2,Acropora,Site2,3,Sample,28.5,0.605,18:10,18:24,Light,8,437,
20201004,POC-248_20201004,POC-248,POC-248,5,4,1,2,Pocillopora,Site2,4,Sample,28.5,0.615,18:10,18:24,Light,8,437,
20201004,POC-201_20201004,POC-201,POC-201,10,5,1,2,Pocillopora,Site2,NA,Blank,28.5,0.605,18:10,18:24,Light,8,437,
20201004,POR-236_20200104,POR-236,POR-236,2,7,2,2,Porites,Site2,5,Sample,28.5,0.615,18:10,18:24,Light,8,437,
20201004,POR-235_20200104,POR-235,POR-235,7,10,2,2,Porites,Site2,6,Sample,28.5,0.61,18:10,18:24,Light,8,437,
20201004,POC-255_20200104,POC-255,POC-255,9,9,2,2,Pocillopora,Site2,7,Sample,28.5,0.615,18:10,18:24,Light,8,437,
20201004,ACR228-20200104,ACR-228,ACR-228,3,11,2,2,Acropora,Site2,8,Sample,28.5,0.61,18:10,18:24,Light,8,437,
20201004,BK-2_20200104,BK-2,BK-2,1,12,2,2,BK,Site2,9,Sample,28.5,0.575,18:10,18:24,Light,8,437,
20201004,ACR-256_20200104,ACR-256,ACR-256,4,6,1,2,Acropora,Site2,1,Sample,28.5,0.61,18:26,18:38,Light,9,437,
20201004,ACR-267_20200104,ACR-267,ACR-267,6,3,1,2,Acropora,Site2,2,Sample,28.5,0.61,18:26,18:38,Light,9,652,
20201004,ACR-244_20200104,ACR-244,ACR-244,8,1,1,2,Acropora,Site2,3,Sample,28.5,0.605,18:26,18:38,Light,9,652,
20201004,POC-248_20201004,POC-248,POC-248,5,4,1,2,Pocillopora,Site2,4,Sample,28.5,0.615,18:26,18:38,Light,9,652,
20201004,POC-201_20201004,POC-201,POC-201,10,5,1,2,Pocillopora,Site2,NA,Blank,28.5,0.605,18:26,18:38,Light,9,652,
20201004,POR-236_20200104,POR-236,POR-236,2,7,2,2,Porites,Site2,5,Sample,28.5,0.615,18:26,18:38,Light,9,652,
20201004,POR-235_20200104,POR-235,POR-235,7,10,2,2,Porites,Site2,6,Sample,28.5,0.61,18:26,18:38,Light,9,652,
20201004,POC-255_20200104,POC-255,POC-255,9,9,2,2,Pocillopora,Site2,7,Sample,28.5,0.615,18:26,18:38,Light,9,652,
20201004,ACR228-20200104,ACR-228,ACR-228,3,11,2,2,Acropora,Site2,8,Sample,28.5,0.61,18:26,18:38,Light,9,652,
20201004,BK-2_20200104,BK-2,BK-2,1,12,2,2,BK,Site2,9,Sample,28.5,0.575,18:26,18:38,Light,9,652,
20201004,ACR-256_20200104,ACR-256,ACR-256,4,6,1,2,Acropora,Site2,1,Sample,28.5,0.61,18:44,18:55,Light,10,733,
20201004,ACR-267_20200104,ACR-267,ACR-267,6,3,1,2,Acropora,Site2,2,Sample,28.5,0.61,18:44,18:55,Light,10,733,
20201004,ACR-244_20200104,ACR-244,ACR-244,8,1,1,2,Acropora,Site2,3,Sample,28.5,0.605,18:44,18:55,Light,10,733,
20201004,POC-248_20201004,POC-248,POC-248,5,4,1,2,Pocillopora,Site2,4,Sample,28.5,0.615,18:44,18:55,Light,10,733,
20201004,POC-201_20201004,POC-201,POC-201,10,5,1,2,Pocillopora,Site2,NA,Blank,28.5,0.605,18:44,18:55,Light,10,733,
20201004,POR-236_20200104,POR-236,POR-236,2,7,2,2,Porites,Site2,5,Sample,28.5,0.615,18:44,18:55,Light,10,733,
20201004,POR-235_20200104,POR-235,POR-235,7,10,2,2,Porites,Site2,6,Sample,28.5,0.61,18:44,18:55,Light,10,733,
20201004,POC-255_20200104,POC-255,POC-255,9,9,2,2,Pocillopora,Site2,7,Sample,28.5,0.615,18:44,18:55,Light,10,733,
20201004,ACR228-20200104,ACR-228,ACR-228,3,11,2,2,Acropora,Site2,8,Sample,28.5,0.61,18:44,18:55,Light,10,733,
20201004,BK-2_20200104,BK-2,BK-2,1,12,2,2,BK,Site2,9,Sample,28.5,0.575,18:44,18:55,Light,10,733,
20200105,POR-266_20200105,POR-266,POR-266,1,12,2,3,Porites,Site2,1,Sample,28.5,0.595,9:11,9:24,Dark,1,0,
20200105,ACR-234_20200105,ACR-234,ACR-234,2,10,2,3,Acropora,Site2,2,Sample,28.5,0.615,9:11,9:24,Dark,1,0,
20200105,ACR-258_20200105,ACR-258,ACR-258,3,6,1,3,Acropora,Site2,3,Sample,28.5,0.595,9:11,9:24,Dark,1,0,
20200105,POC-259_20200105,POC-259,POC-259,4,3,1,3,Pocillopora,Site2,4,Sample,28.5,0.58,9:11,9:24,Dark,1,0,
20200105,POR-209_20200105,POR-209,POR-209,5,7,2,3,Porites,Site2,5,Sample,28.5,0.61,9:11,9:24,Dark,1,0,
20200105,ACR-229_20200105,ACR-229,ACR-229,6,9,2,3,Acropora,Site2,6,Sample,28.5,0.61,9:11,9:24,Dark,1,0,
20200105,POR-245_20200105,POR-245,POR-245,7,1,1,3,Porites,Site2,7,Sample,28.5,0.615,9:11,9:24,Dark,1,0,
20200105,POC-238_20200105,POC-238,POC-238,8,4,1,3,Pocillopora,Site2,8,Sample,28.5,0.61,9:11,9:24,Dark,1,0,
20200105,POC-217_20200105,POC-217,POC-217,9,8,2,3,Pocillopora,Site2,9,Sample,28.5,0.605,9:11,9:24,Dark,1,0,
20200105,BK-3_20200105,BK-3,BK-3,10,2,1,3,BK,Site2,NA,Blank,28.5,0.58,9:11,9:24,Dark,1,0,
20200105,POR-266_20200105,POR-266,POR-266,1,12,2,3,Porites,Site2,1,Sample,28.5,0.595,9:26,9:36,Light,2,26,
20200105,ACR-234_20200105,ACR-234,ACR-234,2,10,2,3,Acropora,Site2,2,Sample,28.5,0.615,9:26,9:36,Light,2,26,
20200105,ACR-258_20200105,ACR-258,ACR-258,3,6,1,3,Acropora,Site2,3,Sample,28.5,0.595,9:26,9:36,Light,2,26,
20200105,POC-259_20200105,POC-259,POC-259,4,3,1,3,Pocillopora,Site2,4,Sample,28.5,0.58,9:26,9:36,Light,2,26,
20200105,POR-209_20200105,POR-209,POR-209,5,7,2,3,Porites,Site2,5,Sample,28.5,0.61,9:26,9:36,Light,2,26,
20200105,ACR-229_20200105,ACR-229,ACR-229,6,9,2,3,Acropora,Site2,6,Sample,28.5,0.61,9:26,9:36,Light,2,26,
20200105,POR-245_20200105,POR-245,POR-245,7,1,1,3,Porites,Site2,7,Sample,28.5,0.615,9:26,9:36,Light,2,26,
20200105,POC-238_20200105,POC-238,POC-238,8,4,1,3,Pocillopora,Site2,8,Sample,28.5,0.61,9:26,9:36,Light,2,26,
20200105,POC-217_20200105,POC-217,POC-217,9,8,2,3,Pocillopora,Site2,9,Sample,28.5,0.605,9:26,9:36,Light,2,26,
20200105,BK-3_20200105,BK-3,BK-3,10,2,1,3,BK,Site2,NA,Blank,28.5,0.58,9:26,9:36,Light,2,26,
20200105,POR-266_20200105,POR-266,POR-266,1,12,2,3,Porites,Site2,1,Sample,28.5,0.595,9:41,9:53,Light,3,67,
20200105,ACR-234_20200105,ACR-234,ACR-234,2,10,2,3,Acropora,Site2,2,Sample,28.5,0.615,9:41,9:53,Light,3,67,
20200105,ACR-258_20200105,ACR-258,ACR-258,3,6,1,3,Acropora,Site2,3,Sample,28.5,0.595,9:41,9:53,Light,3,67,
20200105,POC-259_20200105,POC-259,POC-259,4,3,1,3,Pocillopora,Site2,4,Sample,28.5,0.58,9:41,9:53,Light,3,67,
20200105,POR-209_20200105,POR-209,POR-209,5,7,2,3,Porites,Site2,5,Sample,28.5,0.61,9:41,9:53,Light,3,67,
20200105,ACR-229_20200105,ACR-229,ACR-229,6,9,2,3,Acropora,Site2,6,Sample,28.5,0.61,9:41,9:53,Light,3,67,
20200105,POR-245_20200105,POR-245,POR-245,7,1,1,3,Porites,Site2,7,Sample,28.5,0.615,9:41,9:53,Light,3,67,
20200105,POC-238_20200105,POC-238,POC-238,8,4,1,3,Pocillopora,Site2,8,Sample,28.5,0.61,9:41,9:53,Light,3,67,
20200105,POC-217_20200105,POC-217,POC-217,9,8,2,3,Pocillopora,Site2,9,Sample,28.5,0.605,9:41,9:53,Light,3,67,
20200105,BK-3_20200105,BK-3,BK-3,10,2,1,3,BK,Site2,NA,Blank,28.5,0.58,9:41,9:53,Light,3,67,
20200105,POR-266_20200105,POR-266,POR-266,1,12,2,3,Porites,Site2,1,Sample,28.5,0.595,9:58,10:10,Light,4,94,
20200105,ACR-234_20200105,ACR-234,ACR-234,2,10,2,3,Acropora,Site2,2,Sample,28.5,0.615,9:58,10:10,Light,4,94,
20200105,ACR-258_20200105,ACR-258,ACR-258,3,6,1,3,Acropora,Site2,3,Sample,28.5,0.595,9:58,10:10,Light,4,94,
20200105,POC-259_20200105,POC-259,POC-259,4,3,1,3,Pocillopora,Site2,4,Sample,28.5,0.58,9:58,10:10,Light,4,94,
20200105,POR-209_20200105,POR-209,POR-209,5,7,2,3,Porites,Site2,5,Sample,28.5,0.61,9:58,10:10,Light,4,94,
20200105,ACR-229_20200105,ACR-229,ACR-229,6,9,2,3,Acropora,Site2,6,Sample,28.5,0.61,9:58,10:10,Light,4,94,
20200105,POR-245_20200105,POR-245,POR-245,7,1,1,3,Porites,Site2,7,Sample,28.5,0.615,9:58,10:10,Light,4,94,
20200105,POC-238_20200105,POC-238,POC-238,8,4,1,3,Pocillopora,Site2,8,Sample,28.5,0.61,9:58,10:10,Light,4,94,
20200105,POC-217_20200105,POC-217,POC-217,9,8,2,3,Pocillopora,Site2,9,Sample,28.5,0.605,9:58,10:10,Light,4,94,
20200105,BK-3_20200105,BK-3,BK-3,10,2,1,3,BK,Site2,NA,Blank,28.5,0.58,9:58,10:10,Light,4,94,
20200105,POR-266_20200105,POR-266,POR-266,1,12,2,3,Porites,Site2,1,Sample,28.5,0.595,10:12,10:23,Light,5,120,
20200105,ACR-234_20200105,ACR-234,ACR-234,2,10,2,3,Acropora,Site2,2,Sample,28.5,0.615,10:12,10:23,Light,5,120,
20200105,ACR-258_20200105,ACR-258,ACR-258,3,6,1,3,Acropora,Site2,3,Sample,28.5,0.595,10:12,10:23,Light,5,120,
20200105,POC-259_20200105,POC-259,POC-259,4,3,1,3,Pocillopora,Site2,4,Sample,28.5,0.58,10:12,10:23,Light,5,120,
20200105,POR-209_20200105,POR-209,POR-209,5,7,2,3,Porites,Site2,5,Sample,28.5,0.61,10:12,10:23,Light,5,120,
20200105,ACR-229_20200105,ACR-229,ACR-229,6,9,2,3,Acropora,Site2,6,Sample,28.5,0.61,10:12,10:23,Light,5,120,
20200105,POR-245_20200105,POR-245,POR-245,7,1,1,3,Porites,Site2,7,Sample,28.5,0.615,10:12,10:23,Light,5,120,
20200105,POC-238_20200105,POC-238,POC-238,8,4,1,3,Pocillopora,Site2,8,Sample,28.5,0.61,10:12,10:23,Light,5,120,
20200105,POC-217_20200105,POC-217,POC-217,9,8,2,3,Pocillopora,Site2,9,Sample,28.5,0.605,10:12,10:23,Light,5,120,
20200105,BK-3_20200105,BK-3,BK-3,10,2,1,3,BK,Site2,NA,Blank,28.5,0.58,10:12,10:23,Light,5,120,
20200105,POR-266_20200105,POR-266,POR-266,1,12,2,3,Porites,Site2,1,Sample,28.5,0.595,10:25,10:35,Light,6,175,
20200105,ACR-234_20200105,ACR-234,ACR-234,2,10,2,3,Acropora,Site2,2,Sample,28.5,0.615,10:25,10:35,Light,6,175,
20200105,ACR-258_20200105,ACR-258,ACR-258,3,6,1,3,Acropora,Site2,3,Sample,28.5,0.595,10:25,10:35,Light,6,175,
20200105,POC-259_20200105,POC-259,POC-259,4,3,1,3,Pocillopora,Site2,4,Sample,28.5,0.58,10:25,10:35,Light,6,175,
20200105,POR-209_20200105,POR-209,POR-209,5,7,2,3,Porites,Site2,5,Sample,28.5,0.61,10:25,10:35,Light,6,175,
20200105,ACR-229_20200105,ACR-229,ACR-229,6,9,2,3,Acropora,Site2,6,Sample,28.5,0.61,10:25,10:35,Light,6,175,
20200105,POR-245_20200105,POR-245,POR-245,7,1,1,3,Porites,Site2,7,Sample,28.5,0.615,10:25,10:35,Light,6,175,
20200105,POC-238_20200105,POC-238,POC-238,8,4,1,3,Pocillopora,Site2,8,Sample,28.5,0.61,10:25,10:35,Light,6,175,
20200105,POC-217_20200105,POC-217,POC-217,9,8,2,3,Pocillopora,Site2,9,Sample,28.5,0.605,10:25,10:35,Light,6,175,
20200105,BK-3_20200105,BK-3,BK-3,10,2,1,3,BK,Site2,NA,Blank,28.5,0.58,10:25,10:35,Light,6,175,
20200105,POR-266_20200105,POR-266,POR-266,1,12,2,3,Porites,Site2,1,Sample,28.5,0.595,10:37,10:48,Light,7,280,
20200105,ACR-234_20200105,ACR-234,ACR-234,2,10,2,3,Acropora,Site2,2,Sample,28.5,0.615,10:37,10:48,Light,7,280,
20200105,ACR-258_20200105,ACR-258,ACR-258,3,6,1,3,Acropora,Site2,3,Sample,28.5,0.595,10:37,10:48,Light,7,280,
20200105,POC-259_20200105,POC-259,POC-259,4,3,1,3,Pocillopora,Site2,4,Sample,28.5,0.58,10:37,10:48,Light,7,280,
20200105,POR-209_20200105,POR-209,POR-209,5,7,2,3,Porites,Site2,5,Sample,28.5,0.61,10:37,10:48,Light,7,280,
20200105,ACR-229_20200105,ACR-229,ACR-229,6,9,2,3,Acropora,Site2,6,Sample,28.5,0.61,10:37,10:48,Light,7,280,
20200105,POR-245_20200105,POR-245,POR-245,7,1,1,3,Porites,Site2,7,Sample,28.5,0.615,10:37,10:48,Light,7,280,
20200105,POC-238_20200105,POC-238,POC-238,8,4,1,3,Pocillopora,Site2,8,Sample,28.5,0.61,10:37,10:48,Light,7,280,
20200105,POC-217_20200105,POC-217,POC-217,9,8,2,3,Pocillopora,Site2,9,Sample,28.5,0.605,10:37,10:48,Light,7,280,
20200105,BK-3_20200105,BK-3,BK-3,10,2,1,3,BK,Site2,NA,Blank,28.5,0.58,10:37,10:48,Light,7,280,
20200105,POR-266_20200105,POR-266,POR-266,1,12,2,3,Porites,Site2,1,Sample,28.5,0.595,10:52,11:03,Light,8,437,
20200105,ACR-234_20200105,ACR-234,ACR-234,2,10,2,3,Acropora,Site2,2,Sample,28.5,0.615,10:52,11:03,Light,8,437,
20200105,ACR-258_20200105,ACR-258,ACR-258,3,6,1,3,Acropora,Site2,3,Sample,28.5,0.595,10:52,11:03,Light,8,437,
20200105,POC-259_20200105,POC-259,POC-259,4,3,1,3,Pocillopora,Site2,4,Sample,28.5,0.58,10:52,11:03,Light,8,437,
20200105,POR-209_20200105,POR-209,POR-209,5,7,2,3,Porites,Site2,5,Sample,28.5,0.61,10:52,11:03,Light,8,437,
20200105,ACR-229_20200105,ACR-229,ACR-229,6,9,2,3,Acropora,Site2,6,Sample,28.5,0.61,10:52,11:03,Light,8,437,
20200105,POR-245_20200105,POR-245,POR-245,7,1,1,3,Porites,Site2,7,Sample,28.5,0.615,10:52,11:03,Light,8,437,
20200105,POC-238_20200105,POC-238,POC-238,8,4,1,3,Pocillopora,Site2,8,Sample,28.5,0.61,10:52,11:03,Light,8,437,
20200105,POC-217_20200105,POC-217,POC-217,9,8,2,3,Pocillopora,Site2,9,Sample,28.5,0.605,10:52,11:03,Light,8,437,
20200105,BK-3_20200105,BK-3,BK-3,10,2,1,3,BK,Site2,NA,Blank,28.5,0.58,10:52,11:03,Light,8,437,
20200105,POR-266_20200105,POR-266,POR-266,1,12,2,3,Porites,Site2,1,Sample,28.5,0.595,10:52,11:03,Light,8,437,
20200105,ACR-234_20200105,ACR-234,ACR-234,2,10,2,3,Acropora,Site2,2,Sample,28.5,0.615,11:05,11:18,Light,9,652,
20200105,ACR-258_20200105,ACR-258,ACR-258,3,6,1,3,Acropora,Site2,3,Sample,28.5,0.595,11:05,11:18,Light,9,652,
20200105,POC-259_20200105,POC-259,POC-259,4,3,1,3,Pocillopora,Site2,4,Sample,28.5,0.58,11:05,11:18,Light,9,652,
20200105,POR-209_20200105,POR-209,POR-209,5,7,2,3,Porites,Site2,5,Sample,28.5,0.61,11:05,11:18,Light,9,652,
20200105,ACR-229_20200105,ACR-229,ACR-229,6,9,2,3,Acropora,Site2,6,Sample,28.5,0.61,11:05,11:18,Light,9,652,
20200105,POR-245_20200105,POR-245,POR-245,7,1,1,3,Porites,Site2,7,Sample,28.5,0.615,11:05,11:18,Light,9,652,
20200105,POC-238_20200105,POC-238,POC-238,8,4,1,3,Pocillopora,Site2,8,Sample,28.5,0.61,11:05,11:18,Light,9,652,
20200105,POC-217_20200105,POC-217,POC-217,9,8,2,3,Pocillopora,Site2,9,Sample,28.5,0.605,11:05,11:18,Light,9,652,
20200105,BK-3_20200105,BK-3,BK-3,10,2,1,3,BK,Site2,NA,Blank,28.5,0.58,11:05,11:18,Light,9,652,
20200105,POR-266_20200105,POR-266,POR-266,1,12,2,3,Porites,Site2,1,Sample,28.5,0.595,11:21,11:32,Light,10,733,
20200105,ACR-234_20200105,ACR-234,ACR-234,2,10,2,3,Acropora,Site2,2,Sample,28.5,0.615,11:21,11:32,Light,10,733,
20200105,ACR-258_20200105,ACR-258,ACR-258,3,6,1,3,Acropora,Site2,3,Sample,28.5,0.595,11:21,11:32,Light,10,733,
20200105,POC-259_20200105,POC-259,POC-259,4,3,1,3,Pocillopora,Site2,4,Sample,28.5,0.58,11:21,11:32,Light,10,733,
20200105,POR-209_20200105,POR-209,POR-209,5,7,2,3,Porites,Site2,5,Sample,28.5,0.61,11:21,11:32,Light,10,733,
20200105,ACR-229_20200105,ACR-229,ACR-229,6,9,2,3,Acropora,Site2,6,Sample,28.5,0.61,11:21,11:32,Light,10,733,
20200105,POR-245_20200105,POR-245,POR-245,7,1,1,3,Porites,Site2,7,Sample,28.5,0.615,11:21,11:32,Light,10,733,
20200105,POC-238_20200105,POC-238,POC-238,8,4,1,3,Pocillopora,Site2,8,Sample,28.5,0.61,11:21,11:32,Light,10,733,
20200105,POC-217_20200105,POC-217,POC-217,9,8,2,3,Pocillopora,Site2,9,Sample,28.5,0.605,11:21,11:32,Light,10,733,
20200105,BK-3_20200105,BK-3,BK-3,10,2,1,3,BK,Site2,NA,Blank,28.5,0.58,11:21,11:32,Light,10,733,
20200105,POR-253_20200105,POR-253,POR-253,1,9,2,4,Porites,Site2,1,Sample,28.5,0.595,14:20,14:31,Dark,1,0,
20200105,POC-200_20200105,POC-200,POC-200,2,1,2,4,Pocillopora,Site2,2,Sample,28.5,0.61,14:20,14:31,Dark,1,0,
20200105,ACR-231_20200105,ACR-231,ACR-231,3,4,1,4,Acropora,Site2,3,Sample,28.5,0.605,14:20,14:31,Dark,1,0,
20200105,POR-240_20200105,POR-240,POR-240,4,6,1,4,Porites,Site2,4,Sample,28.5,0.6,14:20,14:31,Dark,1,0,
20200105,POR-224_20200105,POR-224,POR-224,5,7,2,4,Porites,Site2,5,Sample,28.5,0.605,14:20,14:31,Dark,1,0,
20200105,POC-205_20200105,POC-205,POC-205,6,2,2,4,Pocillopora,Site2,6,Sample,28.5,0.605,14:20,14:31,Dark,1,0,
20200105,ACR-246_20200105,ACR-246,ACR-246,7,10,1,4,Acropora,Site2,7,Sample,28.5,0.61,14:20,14:31,Dark,1,0,
20200105,ACR-265_20200105,ACR-265,ACR-265,8,3,1,4,Acropora,Site2,8,Sample,28.5,0.61,14:20,14:31,Dark,1,0,
20200105,POC-207_20200105,POC-207,POC-207,9,12,2,4,Pocillopora,Site2,9,Sample,28.5,0.61,14:20,14:31,Dark,1,0,
20200105,BK-4_20200105,BK-4,BK-4,10,11,1,4,BK,Site2,NA,Blank,28.5,0.605,14:20,14:31,Dark,1,0,
20200105,POR-253_20200105,POR-253,POR-253,1,9,2,4,Porites,Site2,1,Sample,28.5,0.595,14:33,14:46,Light,2,26,
20200105,POC-200_20200105,POC-200,POC-200,2,1,2,4,Pocillopora,Site2,2,Sample,28.5,0.61,14:33,14:46,Light,2,26,
20200105,ACR-231_20200105,ACR-231,ACR-231,3,4,1,4,Acropora,Site2,3,Sample,28.5,0.605,14:33,14:46,Light,2,26,
20200105,POR-240_20200105,POR-240,POR-240,4,6,1,4,Porites,Site2,4,Sample,28.5,0.6,14:33,14:46,Light,2,26,
20200105,POR-224_20200105,POR-224,POR-224,5,7,2,4,Porites,Site2,5,Sample,28.5,0.605,14:33,14:46,Light,2,26,
20200105,POC-205_20200105,POC-205,POC-205,6,2,2,4,Pocillopora,Site2,6,Sample,28.5,0.605,14:33,14:46,Light,2,26,
20200105,ACR-246_20200105,ACR-246,ACR-246,7,10,1,4,Acropora,Site2,7,Sample,28.5,0.61,14:33,14:46,Light,2,26,
20200105,ACR-265_20200105,ACR-265,ACR-265,8,3,1,4,Acropora,Site2,8,Sample,28.5,0.61,14:33,14:46,Light,2,26,
20200105,POC-207_20200105,POC-207,POC-207,9,12,2,4,Pocillopora,Site2,9,Sample,28.5,0.61,14:33,14:46,Light,2,26,
20200105,BK-4_20200105,BK-4,BK-4,10,11,1,4,BK,Site2,NA,Blank,28.5,0.605,14:33,14:46,Light,2,26,
20200105,POR-253_20200105,POR-253,POR-253,1,9,2,4,Porites,Site2,1,Sample,28.5,0.595,14:48,15:04,Light,3,67,
20200105,POC-200_20200105,POC-200,POC-200,2,1,2,4,Pocillopora,Site2,2,Sample,28.5,0.61,14:48,15:04,Light,3,67,
20200105,ACR-231_20200105,ACR-231,ACR-231,3,4,1,4,Acropora,Site2,3,Sample,28.5,0.605,14:48,15:04,Light,3,67,
20200105,POR-240_20200105,POR-240,POR-240,4,6,1,4,Porites,Site2,4,Sample,28.5,0.6,14:48,15:04,Light,3,67,
20200105,POR-224_20200105,POR-224,POR-224,5,7,2,4,Porites,Site2,5,Sample,28.5,0.605,14:48,15:04,Light,3,67,
20200105,POC-205_20200105,POC-205,POC-205,6,2,2,4,Pocillopora,Site2,6,Sample,28.5,0.605,14:48,15:04,Light,3,67,
20200105,ACR-246_20200105,ACR-246,ACR-246,7,10,1,4,Acropora,Site2,7,Sample,28.5,0.61,14:48,15:04,Light,3,67,
20200105,ACR-265_20200105,ACR-265,ACR-265,8,3,1,4,Acropora,Site2,8,Sample,28.5,0.61,14:48,15:04,Light,3,67,
20200105,POC-207_20200105,POC-207,POC-207,9,12,2,4,Pocillopora,Site2,9,Sample,28.5,0.61,14:48,15:04,Light,3,67,
20200105,BK-4_20200105,BK-4,BK-4,10,11,1,4,BK,Site2,NA,Blank,28.5,0.605,14:48,15:04,Light,3,67,
20200105,POR-253_20200105,POR-253,POR-253,1,9,2,4,Porites,Site2,1,Sample,28.5,0.595,15:06,15:16,Light,4,94,
20200105,POC-200_20200105,POC-200,POC-200,2,1,2,4,Pocillopora,Site2,2,Sample,28.5,0.61,15:06,15:16,Light,4,94,
20200105,ACR-231_20200105,ACR-231,ACR-231,3,4,1,4,Acropora,Site2,3,Sample,28.5,0.605,15:06,15:16,Light,4,94,
20200105,POR-240_20200105,POR-240,POR-240,4,6,1,4,Porites,Site2,4,Sample,28.5,0.6,15:06,15:16,Light,4,94,
20200105,POR-224_20200105,POR-224,POR-224,5,7,2,4,Porites,Site2,5,Sample,28.5,0.605,15:06,15:16,Light,4,94,
20200105,POC-205_20200105,POC-205,POC-205,6,2,2,4,Pocillopora,Site2,6,Sample,28.5,0.605,15:06,15:16,Light,4,94,
20200105,ACR-246_20200105,ACR-246,ACR-246,7,10,1,4,Acropora,Site2,7,Sample,28.5,0.61,15:06,15:16,Light,4,94,
20200105,ACR-265_20200105,ACR-265,ACR-265,8,3,1,4,Acropora,Site2,8,Sample,28.5,0.61,15:06,15:16,Light,4,94,
20200105,POC-207_20200105,POC-207,POC-207,9,12,2,4,Pocillopora,Site2,9,Sample,28.5,0.61,15:06,15:16,Light,4,94,
20200105,BK-4_20200105,BK-4,BK-4,10,11,1,4,BK,Site2,NA,Blank,28.5,0.605,15:06,15:16,Light,4,94,
20200105,POR-253_20200105,POR-253,POR-253,1,9,2,4,Porites,Site2,1,Sample,28.5,0.595,15:18,15:28,Light,5,120,
20200105,POC-200_20200105,POC-200,POC-200,2,1,2,4,Pocillopora,Site2,2,Sample,28.5,0.61,15:18,15:28,Light,5,120,
20200105,ACR-231_20200105,ACR-231,ACR-231,3,4,1,4,Acropora,Site2,3,Sample,28.5,0.605,15:18,15:28,Light,5,120,
20200105,POR-240_20200105,POR-240,POR-240,4,6,1,4,Porites,Site2,4,Sample,28.5,0.6,15:18,15:28,Light,5,120,
20200105,POR-224_20200105,POR-224,POR-224,5,7,2,4,Porites,Site2,5,Sample,28.5,0.605,15:18,15:28,Light,5,120,
20200105,POC-205_20200105,POC-205,POC-205,6,2,2,4,Pocillopora,Site2,6,Sample,28.5,0.605,15:18,15:28,Light,5,120,
20200105,ACR-246_20200105,ACR-246,ACR-246,7,10,1,4,Acropora,Site2,7,Sample,28.5,0.61,15:18,15:28,Light,5,120,
20200105,ACR-265_20200105,ACR-265,ACR-265,8,3,1,4,Acropora,Site2,8,Sample,28.5,0.61,15:18,15:28,Light,5,120,
20200105,POC-207_20200105,POC-207,POC-207,9,12,2,4,Pocillopora,Site2,9,Sample,28.5,0.61,15:18,15:28,Light,5,120,
20200105,BK-4_20200105,BK-4,BK-4,10,11,1,4,BK,Site2,NA,Blank,28.5,0.605,15:18,15:28,Light,5,120,
20200105,POR-253_20200105,POR-253,POR-253,1,9,2,4,Porites,Site2,1,Sample,28.5,0.595,15:31,15:44,Light,6,175,
20200105,POC-200_20200105,POC-200,POC-200,2,1,2,4,Pocillopora,Site2,2,Sample,28.5,0.61,15:31,15:44,Light,6,175,
20200105,ACR-231_20200105,ACR-231,ACR-231,3,4,1,4,Acropora,Site2,3,Sample,28.5,0.605,15:31,15:44,Light,6,175,
20200105,POR-240_20200105,POR-240,POR-240,4,6,1,4,Porites,Site2,4,Sample,28.5,0.6,15:31,15:44,Light,6,175,
20200105,POR-224_20200105,POR-224,POR-224,5,7,2,4,Porites,Site2,5,Sample,28.5,0.605,15:31,15:44,Light,6,175,
20200105,POC-205_20200105,POC-205,POC-205,6,2,2,4,Pocillopora,Site2,6,Sample,28.5,0.605,15:31,15:44,Light,6,175,
20200105,ACR-246_20200105,ACR-246,ACR-246,7,10,1,4,Acropora,Site2,7,Sample,28.5,0.61,15:31,15:44,Light,6,175,
20200105,ACR-265_20200105,ACR-265,ACR-265,8,3,1,4,Acropora,Site2,8,Sample,28.5,0.61,15:31,15:44,Light,6,175,
20200105,POC-207_20200105,POC-207,POC-207,9,12,2,4,Pocillopora,Site2,9,Sample,28.5,0.61,15:31,15:44,Light,6,175,
20200105,BK-4_20200105,BK-4,BK-4,10,11,1,4,BK,Site2,NA,Blank,28.5,0.605,15:31,15:44,Light,6,175,
20200105,POR-253_20200105,POR-253,POR-253,1,9,2,4,Porites,Site2,1,Sample,28.5,0.595,15:46,15:56,Light,7,280,
20200105,POC-200_20200105,POC-200,POC-200,2,1,2,4,Pocillopora,Site2,2,Sample,28.5,0.61,15:46,15:56,Light,7,280,
20200105,ACR-231_20200105,ACR-231,ACR-231,3,4,1,4,Acropora,Site2,3,Sample,28.5,0.605,15:46,15:56,Light,7,280,
20200105,POR-240_20200105,POR-240,POR-240,4,6,1,4,Porites,Site2,4,Sample,28.5,0.6,15:46,15:56,Light,7,280,
20200105,POR-224_20200105,POR-224,POR-224,5,7,2,4,Porites,Site2,5,Sample,28.5,0.605,15:46,15:56,Light,7,280,
20200105,POC-205_20200105,POC-205,POC-205,6,2,2,4,Pocillopora,Site2,6,Sample,28.5,0.605,15:46,15:56,Light,7,280,
20200105,ACR-246_20200105,ACR-246,ACR-246,7,10,1,4,Acropora,Site2,7,Sample,28.5,0.61,15:46,15:56,Light,7,280,
20200105,ACR-265_20200105,ACR-265,ACR-265,8,3,1,4,Acropora,Site2,8,Sample,28.5,0.61,15:46,15:56,Light,7,280,
20200105,POC-207_20200105,POC-207,POC-207,9,12,2,4,Pocillopora,Site2,9,Sample,28.5,0.61,15:46,15:56,Light,7,280,
20200105,BK-4_20200105,BK-4,BK-4,10,11,1,4,BK,Site2,NA,Blank,28.5,0.605,15:46,15:56,Light,7,280,
20200105,POR-253_20200105,POR-253,POR-253,1,9,2,4,Porites,Site2,1,Sample,28.5,0.595,16:04,16:14,Light,8,437,
20200105,POC-200_20200105,POC-200,POC-200,2,1,2,4,Pocillopora,Site2,2,Sample,28.5,0.61,16:04,16:14,Light,8,437,
20200105,ACR-231_20200105,ACR-231,ACR-231,3,4,1,4,Acropora,Site2,3,Sample,28.5,0.605,16:04,16:14,Light,8,437,
20200105,POR-240_20200105,POR-240,POR-240,4,6,1,4,Porites,Site2,4,Sample,28.5,0.6,16:04,16:14,Light,8,437,
20200105,POR-224_20200105,POR-224,POR-224,5,7,2,4,Porites,Site2,5,Sample,28.5,0.605,16:04,16:14,Light,8,437,
20200105,POC-205_20200105,POC-205,POC-205,6,2,2,4,Pocillopora,Site2,6,Sample,28.5,0.605,16:04,16:14,Light,8,437,
20200105,ACR-246_20200105,ACR-246,ACR-246,7,10,1,4,Acropora,Site2,7,Sample,28.5,0.61,16:04,16:14,Light,8,437,
20200105,ACR-265_20200105,ACR-265,ACR-265,8,3,1,4,Acropora,Site2,8,Sample,28.5,0.61,16:04,16:14,Light,8,437,
20200105,POC-207_20200105,POC-207,POC-207,9,12,2,4,Pocillopora,Site2,9,Sample,28.5,0.61,16:04,16:14,Light,8,437,
20200105,BK-4_20200105,BK-4,BK-4,10,11,1,4,BK,Site2,NA,Blank,28.5,0.605,16:04,16:14,Light,8,437,
20200105,POR-253_20200105,POR-253,POR-253,1,9,2,4,Porites,Site2,1,Sample,28.5,0.595,16:04,16:14,Light,8,437,
20200105,POC-200_20200105,POC-200,POC-200,2,1,2,4,Pocillopora,Site2,2,Sample,28.5,0.61,16:16,16:27,Light,9,652,
20200105,ACR-231_20200105,ACR-231,ACR-231,3,4,1,4,Acropora,Site2,3,Sample,28.5,0.605,16:16,16:27,Light,9,652,
20200105,POR-240_20200105,POR-240,POR-240,4,6,1,4,Porites,Site2,4,Sample,28.5,0.6,16:16,16:27,Light,9,652,
20200105,POR-224_20200105,POR-224,POR-224,5,7,2,4,Porites,Site2,5,Sample,28.5,0.605,16:16,16:27,Light,9,652,
20200105,POC-205_20200105,POC-205,POC-205,6,2,2,4,Pocillopora,Site2,6,Sample,28.5,0.605,16:16,16:27,Light,9,652,
20200105,ACR-246_20200105,ACR-246,ACR-246,7,10,1,4,Acropora,Site2,7,Sample,28.5,0.61,16:16,16:27,Light,9,652,
20200105,ACR-265_20200105,ACR-265,ACR-265,8,3,1,4,Acropora,Site2,8,Sample,28.5,0.61,16:16,16:27,Light,9,652,
20200105,POC-207_20200105,POC-207,POC-207,9,12,2,4,Pocillopora,Site2,9,Sample,28.5,0.61,16:16,16:27,Light,9,652,
20200105,BK-4_20200105,BK-4,BK-4,10,11,1,4,BK,Site2,NA,Blank,28.5,0.605,16:16,16:27,Light,9,652,
20200105,POR-253_20200105,POR-253,POR-253,1,9,2,4,Porites,Site2,1,Sample,28.5,0.595,16:29,16:40,Light,10,733,
20200105,POC-200_20200105,POC-200,POC-200,2,1,2,4,Pocillopora,Site2,2,Sample,28.5,0.61,16:29,16:40,Light,10,733,
20200105,ACR-231_20200105,ACR-231,ACR-231,3,4,1,4,Acropora,Site2,3,Sample,28.5,0.605,16:29,16:40,Light,10,733,
20200105,POR-240_20200105,POR-240,POR-240,4,6,1,4,Porites,Site2,4,Sample,28.5,0.6,16:29,16:40,Light,10,733,
20200105,POR-224_20200105,POR-224,POR-224,5,7,2,4,Porites,Site2,5,Sample,28.5,0.605,16:29,16:40,Light,10,733,
20200105,POC-205_20200105,POC-205,POC-205,6,2,2,4,Pocillopora,Site2,6,Sample,28.5,0.605,16:29,16:40,Light,10,733,
20200105,ACR-246_20200105,ACR-246,ACR-246,7,10,1,4,Acropora,Site2,7,Sample,28.5,0.61,16:29,16:40,Light,10,733,
20200105,ACR-265_20200105,ACR-265,ACR-265,8,3,1,4,Acropora,Site2,8,Sample,28.5,0.61,16:29,16:40,Light,10,733,
20200105,POC-207_20200105,POC-207,POC-207,9,12,2,4,Pocillopora,Site2,9,Sample,28.5,0.61,16:29,16:40,Light,10,733,
20200105,BK-4_20200105,BK-4,BK-4,10,11,1,4,BK,Site2,NA,Blank,28.5,0.605,16:29,16:40,Light,10,733,
20200106,POR-261_20200106,POR-261,POR-261,2,3,1,5,Porites,Site2,1,Sample,28.5,0.605,10:16,10:26,Dark,1,0,
20200106,ACR-237_20200106,ACR-237,ACR-237,3,8,2,5,Acropora,Site2,2,Sample,28.5,0.615,10:16,10:26,Dark,1,0,
20200106,BK-5_1_20200106,BK-5_1,BK-5_1,4,4,1,5,BK,Site2,NA,Blank,28.5,0.61,10:16,10:26,Dark,1,0,
20200106,POC-222_20200106,POC-222,POC-222,6,11,2,5,Pocillopora,Site2,3,Sample,28.5,0.6,10:16,10:26,Dark,1,0,
20200106,BK-5_2_20200106,BK-5_2,BK-5_2,7,9,2,5,BK,Site2,NA,Blank,28.5,0.615,10:16,10:26,Dark,1,0,
20200106,POR-260_20200106,POR-260,POR-260,8,2,1,5,Porites,Site2,4,Sample,28.5,0.59,10:16,10:26,Dark,1,0,
20200106,ACR-225_20200106,ACR-225,ACR-225,9,5,1,5,Acropora,Site2,5,Sample,28.5,0.605,10:16,10:26,Dark,1,0,
20200106,POR-251_20200106,POR-251,POR-251,10,10,2,5,Porites,Site2,6,Sample,28.5,0.595,10:16,10:26,Dark,1,0,
20200106,POR-261_20200106,POR-261,POR-261,2,3,1,5,Porites,Site2,1,Sample,28.5,0.605,10:28,10:39,Light,2,67,
20200106,ACR-237_20200106,ACR-237,ACR-237,3,8,2,5,Acropora,Site2,2,Sample,28.5,0.615,10:28,10:39,Light,2,67,
20200106,BK-5_1_20200106,BK-5_1,BK-5_1,4,4,1,5,BK,Site2,NA,Blank,28.5,0.61,10:28,10:39,Light,2,67,
20200106,POC-222_20200106,POC-222,POC-222,6,11,2,5,Pocillopora,Site2,3,Sample,28.5,0.6,10:28,10:39,Light,2,67,
20200106,BK-5_2_20200106,BK-5_2,BK-5_2,7,9,2,5,BK,Site2,NA,Blank,28.5,0.615,10:28,10:39,Light,2,67,
20200106,POR-260_20200106,POR-260,POR-260,8,2,1,5,Porites,Site2,4,Sample,28.5,0.59,10:28,10:39,Light,2,67,
20200106,ACR-225_20200106,ACR-225,ACR-225,9,5,1,5,Acropora,Site2,5,Sample,28.5,0.605,10:28,10:39,Light,2,67,
20200106,POR-251_20200106,POR-251,POR-251,10,10,2,5,Porites,Site2,6,Sample,28.5,0.595,10:28,10:39,Light,2,67,
20200106,POR-261_20200106,POR-261,POR-261,2,3,1,5,Porites,Site2,1,Sample,28.5,0.605,10:41,10:51,Light,3,94,
20200106,ACR-237_20200106,ACR-237,ACR-237,3,8,2,5,Acropora,Site2,2,Sample,28.5,0.615,10:41,10:51,Light,3,94,
20200106,BK-5_1_20200106,BK-5_1,BK-5_1,4,4,1,5,BK,Site2,NA,Blank,28.5,0.61,10:41,10:51,Light,3,94,
20200106,POC-222_20200106,POC-222,POC-222,6,11,2,5,Pocillopora,Site2,3,Sample,28.5,0.6,10:41,10:51,Light,3,94,
20200106,BK-5_2_20200106,BK-5_2,BK-5_2,7,9,2,5,BK,Site2,NA,Blank,28.5,0.615,10:41,10:51,Light,3,94,
20200106,POR-260_20200106,POR-260,POR-260,8,2,1,5,Porites,Site2,4,Sample,28.5,0.59,10:41,10:51,Light,3,94,
20200106,ACR-225_20200106,ACR-225,ACR-225,9,5,1,5,Acropora,Site2,5,Sample,28.5,0.605,10:41,10:51,Light,3,94,
20200106,POR-251_20200106,POR-251,POR-251,10,10,2,5,Porites,Site2,6,Sample,28.5,0.595,10:41,10:51,Light,3,94,
20200106,POR-261_20200106,POR-261,POR-261,2,3,1,5,Porites,Site2,1,Sample,28.5,0.605,10:53,11:03,Light,4,120,
20200106,ACR-237_20200106,ACR-237,ACR-237,3,8,2,5,Acropora,Site2,2,Sample,28.5,0.615,10:53,11:03,Light,4,120,
20200106,BK-5_1_20200106,BK-5_1,BK-5_1,4,4,1,5,BK,Site2,NA,Blank,28.5,0.61,10:53,11:03,Light,4,120,
20200106,POC-222_20200106,POC-222,POC-222,6,11,2,5,Pocillopora,Site2,3,Sample,28.5,0.6,10:53,11:03,Light,4,120,
20200106,BK-5_2_20200106,BK-5_2,BK-5_2,7,9,2,5,BK,Site2,NA,Blank,28.5,0.615,10:53,11:03,Light,4,120,
20200106,POR-260_20200106,POR-260,POR-260,8,2,1,5,Porites,Site2,4,Sample,28.5,0.59,10:53,11:03,Light,4,120,
20200106,ACR-225_20200106,ACR-225,ACR-225,9,5,1,5,Acropora,Site2,5,Sample,28.5,0.605,10:53,11:03,Light,4,120,
20200106,POR-251_20200106,POR-251,POR-251,10,10,2,5,Porites,Site2,6,Sample,28.5,0.595,10:53,11:03,Light,4,120,
20200106,POR-261_20200106,POR-261,POR-261,2,3,1,5,Porites,Site2,1,Sample,28.5,0.605,11:05,11:15,Light,5,175,
20200106,ACR-237_20200106,ACR-237,ACR-237,3,8,2,5,Acropora,Site2,2,Sample,28.5,0.615,11:05,11:15,Light,5,175,
20200106,BK-5_1_20200106,BK-5_1,BK-5_1,4,4,1,5,BK,Site2,NA,Blank,28.5,0.61,11:05,11:15,Light,5,175,
20200106,POC-222_20200106,POC-222,POC-222,6,11,2,5,Pocillopora,Site2,3,Sample,28.5,0.6,11:05,11:15,Light,5,175,
20200106,BK-5_2_20200106,BK-5_2,BK-5_2,7,9,2,5,BK,Site2,NA,Blank,28.5,0.615,11:05,11:15,Light,5,175,
20200106,POR-260_20200106,POR-260,POR-260,8,2,1,5,Porites,Site2,4,Sample,28.5,0.59,11:05,11:15,Light,5,175,
20200106,ACR-225_20200106,ACR-225,ACR-225,9,5,1,5,Acropora,Site2,5,Sample,28.5,0.605,11:05,11:15,Light,5,175,
20200106,POR-251_20200106,POR-251,POR-251,10,10,2,5,Porites,Site2,6,Sample,28.5,0.595,11:05,11:15,Light,5,175,
20200106,POR-261_20200106,POR-261,POR-261,2,3,1,5,Porites,Site2,1,Sample,28.5,0.605,11:17,11:27,Light,6,280,
20200106,ACR-237_20200106,ACR-237,ACR-237,3,8,2,5,Acropora,Site2,2,Sample,28.5,0.615,11:17,11:27,Light,6,280,
20200106,BK-5_1_20200106,BK-5_1,BK-5_1,4,4,1,5,BK,Site2,NA,Blank,28.5,0.61,11:17,11:27,Light,6,280,
20200106,POC-222_20200106,POC-222,POC-222,6,11,2,5,Pocillopora,Site2,3,Sample,28.5,0.6,11:17,11:27,Light,6,280,
20200106,BK-5_2_20200106,BK-5_2,BK-5_2,7,9,2,5,BK,Site2,NA,Blank,28.5,0.615,11:17,11:27,Light,6,280,
20200106,POR-260_20200106,POR-260,POR-260,8,2,1,5,Porites,Site2,4,Sample,28.5,0.59,11:17,11:27,Light,6,280,
20200106,ACR-225_20200106,ACR-225,ACR-225,9,5,1,5,Acropora,Site2,5,Sample,28.5,0.605,11:17,11:27,Light,6,280,
20200106,POR-251_20200106,POR-251,POR-251,10,10,2,5,Porites,Site2,6,Sample,28.5,0.595,11:17,11:27,Light,6,280,
20200106,POR-261_20200106,POR-261,POR-261,2,3,1,5,Porites,Site2,1,Sample,28.5,0.605,11:33,11:43,Light,7,437,
20200106,ACR-237_20200106,ACR-237,ACR-237,3,8,2,5,Acropora,Site2,2,Sample,28.5,0.615,11:33,11:43,Light,7,437,
20200106,BK-5_1_20200106,BK-5_1,BK-5_1,4,4,1,5,BK,Site2,NA,Blank,28.5,0.61,11:33,11:43,Light,7,437,
20200106,POC-222_20200106,POC-222,POC-222,6,11,2,5,Pocillopora,Site2,3,Sample,28.5,0.6,11:33,11:43,Light,7,437,
20200106,BK-5_2_20200106,BK-5_2,BK-5_2,7,9,2,5,BK,Site2,NA,Blank,28.5,0.615,11:33,11:43,Light,7,437,
20200106,POR-260_20200106,POR-260,POR-260,8,2,1,5,Porites,Site2,4,Sample,28.5,0.59,11:33,11:43,Light,7,437,
20200106,ACR-225_20200106,ACR-225,ACR-225,9,5,1,5,Acropora,Site2,5,Sample,28.5,0.605,11:33,11:43,Light,7,437,
20200106,POR-251_20200106,POR-251,POR-251,10,10,2,5,Porites,Site2,6,Sample,28.5,0.595,11:33,11:43,Light,7,437,
20200106,POR-261_20200106,POR-261,POR-261,2,3,1,5,Porites,Site2,1,Sample,28.5,0.605,11:45,11:55,Light,8,652,
20200106,ACR-237_20200106,ACR-237,ACR-237,3,8,2,5,Acropora,Site2,2,Sample,28.5,0.615,11:45,11:55,Light,8,652,
20200106,BK-5_1_20200106,BK-5_1,BK-5_1,4,4,1,5,BK,Site2,NA,Blank,28.5,0.61,11:45,11:55,Light,8,652,
20200106,POC-222_20200106,POC-222,POC-222,6,11,2,5,Pocillopora,Site2,3,Sample,28.5,0.6,11:45,11:55,Light,8,652,
20200106,BK-5_2_20200106,BK-5_2,BK-5_2,7,9,2,5,BK,Site2,NA,Blank,28.5,0.615,11:45,11:55,Light,8,652,
20200106,POR-260_20200106,POR-260,POR-260,8,2,1,5,Porites,Site2,4,Sample,28.5,0.59,11:45,11:55,Light,8,652,
20200106,ACR-225_20200106,ACR-225,ACR-225,9,5,1,5,Acropora,Site2,5,Sample,28.5,0.605,11:45,11:55,Light,8,652,
20200106,POR-251_20200106,POR-251,POR-251,10,10,2,5,Porites,Site2,6,Sample,28.5,0.595,11:45,11:55,Light,8,652,
20200106,POR-261_20200106,POR-261,POR-261,2,3,1,5,Porites,Site2,1,Sample,28.5,0.605,11:57,12:11,Light,9,733,
20200106,ACR-237_20200106,ACR-237,ACR-237,3,8,2,5,Acropora,Site2,2,Sample,28.5,0.615,11:57,12:11,Light,9,733,
20200106,BK-5_1_20200106,BK-5_1,BK-5_1,4,4,1,5,BK,Site2,NA,Blank,28.5,0.61,11:57,12:11,Light,9,733,
20200106,POC-222_20200106,POC-222,POC-222,6,11,2,5,Pocillopora,Site2,3,Sample,28.5,0.6,11:57,12:11,Light,9,733,
20200106,BK-5_2_20200106,BK-5_2,BK-5_2,7,9,2,5,BK,Site2,NA,Blank,28.5,0.615,11:57,12:11,Light,9,733,
20200106,POR-260_20200106,POR-260,POR-260,8,2,1,5,Porites,Site2,4,Sample,28.5,0.59,11:57,12:11,Light,9,733,
20200106,ACR-225_20200106,ACR-225,ACR-225,9,5,1,5,Acropora,Site2,5,Sample,28.5,0.605,11:57,12:11,Light,9,733,
20200106,POR-251_20200106,POR-251,POR-251,10,10,2,5,Porites,Site2,6,Sample,28.5,0.595,11:57,12:11,Light,9,733,
20200106,POR-261_20200106,POR-261,POR-261,2,3,1,5,Porites,Site2,1,Sample,28.5,0.605,12:17,12:27,Light,10,835,
20200106,ACR-237_20200106,ACR-237,ACR-237,3,8,2,5,Acropora,Site2,2,Sample,28.5,0.615,12:17,12:27,Light,10,835,
20200106,BK-5_1_20200106,BK-5_1,BK-5_1,4,4,1,5,BK,Site2,NA,Blank,28.5,0.61,12:17,12:27,Light,10,835,
20200106,POC-222_20200106,POC-222,POC-222,6,11,2,5,Pocillopora,Site2,3,Sample,28.5,0.6,12:17,12:27,Light,10,835,
20200106,BK-5_2_20200106,BK-5_2,BK-5_2,7,9,2,5,BK,Site2,NA,Blank,28.5,0.615,12:17,12:27,Light,10,835,
20200106,POR-260_20200106,POR-260,POR-260,8,2,1,5,Porites,Site2,4,Sample,28.5,0.59,12:17,12:27,Light,10,835,
20200106,ACR-225_20200106,ACR-225,ACR-225,9,5,1,5,Acropora,Site2,5,Sample,28.5,0.605,12:17,12:27,Light,10,835,
20200106,POR-251_20200106,POR-251,POR-251,10,10,2,5,Porites,Site2,6,Sample,28.5,0.595,12:17,12:27,Light,10,835,
20200106,POC-377_20200106,POC-377,POC-377,1,10,2,6,Pocillopora,Site3,1,Sample,28.5,0.6,16:04,16:14,Dark,1,0,
20200106,BK-6_20200106,BK-6,BK-6,2,4,1,6,BK,Site3,NA,Blank,28.5,0.61,16:04,16:14,Dark,1,0,
20200106,ACR-389_20200106,ACR-389,ACR-389,3,9,2,6,Acropora,Site3,2,Sample,28.5,0.605,16:04,16:14,Dark,1,0,
20200106,POR-353_20200106,POR-353,POR-353,4,8,2,6,Porites,Site3,3,Sample,28.5,0.58,16:04,16:14,Dark,1,0,
20200106,POC-371_20200106,POC-371,POC-371,5,7,2,6,Pocillopora,Site3,4,Sample,28.5,0.58,16:04,16:14,Dark,1,0,
20200106,ACR-393_20200106,ACR-393,ACR-393,6,1,1,6,Acropora,Site3,5,Sample,28.5,0.6,16:04,16:14,Dark,1,0,
20200106,ACR-350_20200106,ACR-350,ACR-350,7,3,1,6,Acropora,Site3,6,Sample,28.5,0.61,16:04,16:14,Dark,1,0,
20200106,POR-362_20200106,POR-362,POR-362,8,2,1,6,Porites,Site3,7,Sample,28.5,0.595,16:04,16:14,Dark,1,0,
20200106,POC-395_20200106,POC-395,POC-395,9,6,1,6,Pocillopora,Site3,8,Sample,28.5,0.605,16:04,16:14,Dark,1,0,
20200106,POR-355_20200106,POR-355,POR-355,10,12,2,6,Porites,Site3,9,Sample,28.5,0.59,16:04,16:14,Dark,1,0,
20200106,POC-377_20200106,POC-377,POC-377,1,10,2,6,Pocillopora,Site3,1,Sample,28.5,0.6,16:16,16:27,Light,2,67,
20200106,BK-6_20200106,BK-6,BK-6,2,4,1,6,BK,Site3,NA,Blank,28.5,0.61,16:16,16:27,Light,2,67,
20200106,ACR-389_20200106,ACR-389,ACR-389,3,9,2,6,Acropora,Site3,2,Sample,28.5,0.605,16:16,16:27,Light,2,67,
20200106,POR-353_20200106,POR-353,POR-353,4,8,2,6,Porites,Site3,3,Sample,28.5,0.58,16:16,16:27,Light,2,67,
20200106,POC-371_20200106,POC-371,POC-371,5,7,2,6,Pocillopora,Site3,4,Sample,28.5,0.58,16:16,16:27,Light,2,67,
20200106,ACR-393_20200106,ACR-393,ACR-393,6,1,1,6,Acropora,Site3,5,Sample,28.5,0.6,16:16,16:27,Light,2,67,
20200106,ACR-350_20200106,ACR-350,ACR-350,7,3,1,6,Acropora,Site3,6,Sample,28.5,0.61,16:16,16:27,Light,2,67,
20200106,POR-362_20200106,POR-362,POR-362,8,2,1,6,Porites,Site3,7,Sample,28.5,0.595,16:16,16:27,Light,2,67,
20200106,POC-395_20200106,POC-395,POC-395,9,6,1,6,Pocillopora,Site3,8,Sample,28.5,0.605,16:16,16:27,Light,2,67,
20200106,POR-355_20200106,POR-355,POR-355,10,12,2,6,Porites,Site3,9,Sample,28.5,0.59,16:16,16:27,Light,2,67,
20200106,POC-377_20200106,POC-377,POC-377,1,10,2,6,Pocillopora,Site3,1,Sample,28.5,0.6,16:29,16:39,Light,3,94,
20200106,BK-6_20200106,BK-6,BK-6,2,4,1,6,BK,Site3,NA,Blank,28.5,0.61,16:29,16:39,Light,3,94,
20200106,ACR-389_20200106,ACR-389,ACR-389,3,9,2,6,Acropora,Site3,2,Sample,28.5,0.605,16:29,16:39,Light,3,94,
20200106,POR-353_20200106,POR-353,POR-353,4,8,2,6,Porites,Site3,3,Sample,28.5,0.58,16:29,16:39,Light,3,94,
20200106,POC-371_20200106,POC-371,POC-371,5,7,2,6,Pocillopora,Site3,4,Sample,28.5,0.58,16:29,16:39,Light,3,94,
20200106,ACR-393_20200106,ACR-393,ACR-393,6,1,1,6,Acropora,Site3,5,Sample,28.5,0.6,16:29,16:39,Light,3,94,
20200106,ACR-350_20200106,ACR-350,ACR-350,7,3,1,6,Acropora,Site3,6,Sample,28.5,0.61,16:29,16:39,Light,3,94,
20200106,POR-362_20200106,POR-362,POR-362,8,2,1,6,Porites,Site3,7,Sample,28.5,0.595,16:29,16:39,Light,3,94,
20200106,POC-395_20200106,POC-395,POC-395,9,6,1,6,Pocillopora,Site3,8,Sample,28.5,0.605,16:29,16:39,Light,3,94,
20200106,POR-355_20200106,POR-355,POR-355,10,12,2,6,Porites,Site3,9,Sample,28.5,0.59,16:29,16:39,Light,3,94,
20200106,POC-377_20200106,POC-377,POC-377,1,10,2,6,Pocillopora,Site3,1,Sample,28.5,0.6,16:41,16:51,Light,4,120,
20200106,BK-6_20200106,BK-6,BK-6,2,4,1,6,BK,Site3,NA,Blank,28.5,0.61,16:41,16:51,Light,4,120,
20200106,ACR-389_20200106,ACR-389,ACR-389,3,9,2,6,Acropora,Site3,2,Sample,28.5,0.605,16:41,16:51,Light,4,120,
20200106,POR-353_20200106,POR-353,POR-353,4,8,2,6,Porites,Site3,3,Sample,28.5,0.58,16:41,16:51,Light,4,120,
20200106,POC-371_20200106,POC-371,POC-371,5,7,2,6,Pocillopora,Site3,4,Sample,28.5,0.58,16:41,16:51,Light,4,120,
20200106,ACR-393_20200106,ACR-393,ACR-393,6,1,1,6,Acropora,Site3,5,Sample,28.5,0.6,16:41,16:51,Light,4,120,
20200106,ACR-350_20200106,ACR-350,ACR-350,7,3,1,6,Acropora,Site3,6,Sample,28.5,0.61,16:41,16:51,Light,4,120,
20200106,POR-362_20200106,POR-362,POR-362,8,2,1,6,Porites,Site3,7,Sample,28.5,0.595,16:41,16:51,Light,4,120,
20200106,POC-395_20200106,POC-395,POC-395,9,6,1,6,Pocillopora,Site3,8,Sample,28.5,0.605,16:41,16:51,Light,4,120,
20200106,POR-355_20200106,POR-355,POR-355,10,12,2,6,Porites,Site3,9,Sample,28.5,0.59,16:41,16:51,Light,4,120,
20200106,POC-377_20200106,POC-377,POC-377,1,10,2,6,Pocillopora,Site3,1,Sample,28.5,0.6,17:02,17:13,Light,5,175,
20200106,BK-6_20200106,BK-6,BK-6,2,4,1,6,BK,Site3,NA,Blank,28.5,0.61,17:02,17:13,Light,5,175,
20200106,ACR-389_20200106,ACR-389,ACR-389,3,9,2,6,Acropora,Site3,2,Sample,28.5,0.605,17:02,17:13,Light,5,175,
20200106,POR-353_20200106,POR-353,POR-353,4,8,2,6,Porites,Site3,3,Sample,28.5,0.58,17:02,17:13,Light,5,175,
20200106,POC-371_20200106,POC-371,POC-371,5,7,2,6,Pocillopora,Site3,4,Sample,28.5,0.58,17:02,17:13,Light,5,175,
20200106,ACR-393_20200106,ACR-393,ACR-393,6,1,1,6,Acropora,Site3,5,Sample,28.5,0.6,17:02,17:13,Light,5,175,
20200106,ACR-350_20200106,ACR-350,ACR-350,7,3,1,6,Acropora,Site3,6,Sample,28.5,0.61,17:02,17:13,Light,5,175,
20200106,POR-362_20200106,POR-362,POR-362,8,2,1,6,Porites,Site3,7,Sample,28.5,0.595,17:02,17:13,Light,5,175,
20200106,POC-395_20200106,POC-395,POC-395,9,6,1,6,Pocillopora,Site3,8,Sample,28.5,0.605,17:02,17:13,Light,5,175,
20200106,POR-355_20200106,POR-355,POR-355,10,12,2,6,Porites,Site3,9,Sample,28.5,0.59,17:02,17:13,Light,5,175,
20200106,POC-377_20200106,POC-377,POC-377,1,10,2,6,Pocillopora,Site3,1,Sample,28.5,0.6,17:16,17:27,Light,6,280,
20200106,BK-6_20200106,BK-6,BK-6,2,4,1,6,BK,Site3,NA,Blank,28.5,0.61,17:16,17:27,Light,6,280,
20200106,ACR-389_20200106,ACR-389,ACR-389,3,9,2,6,Acropora,Site3,2,Sample,28.5,0.605,17:16,17:27,Light,6,280,
20200106,POR-353_20200106,POR-353,POR-353,4,8,2,6,Porites,Site3,3,Sample,28.5,0.58,17:16,17:27,Light,6,280,
20200106,POC-371_20200106,POC-371,POC-371,5,7,2,6,Pocillopora,Site3,4,Sample,28.5,0.58,17:16,17:27,Light,6,280,
20200106,ACR-393_20200106,ACR-393,ACR-393,6,1,1,6,Acropora,Site3,5,Sample,28.5,0.6,17:16,17:27,Light,6,280,
20200106,ACR-350_20200106,ACR-350,ACR-350,7,3,1,6,Acropora,Site3,6,Sample,28.5,0.61,17:16,17:27,Light,6,280,
20200106,POR-362_20200106,POR-362,POR-362,8,2,1,6,Porites,Site3,7,Sample,28.5,0.595,17:16,17:27,Light,6,280,
20200106,POC-395_20200106,POC-395,POC-395,9,6,1,6,Pocillopora,Site3,8,Sample,28.5,0.605,17:16,17:27,Light,6,280,
20200106,POR-355_20200106,POR-355,POR-355,10,12,2,6,Porites,Site3,9,Sample,28.5,0.59,17:16,17:27,Light,6,280,
20200106,POC-377_20200106,POC-377,POC-377,1,10,2,6,Pocillopora,Site3,1,Sample,28.5,0.6,17:32,17:42,Light,7,437,
20200106,BK-6_20200106,BK-6,BK-6,2,4,1,6,BK,Site3,NA,Blank,28.5,0.61,17:32,17:42,Light,7,437,
20200106,ACR-389_20200106,ACR-389,ACR-389,3,9,2,6,Acropora,Site3,2,Sample,28.5,0.605,17:32,17:42,Light,7,437,
20200106,POR-353_20200106,POR-353,POR-353,4,8,2,6,Porites,Site3,3,Sample,28.5,0.58,17:32,17:42,Light,7,437,
20200106,POC-371_20200106,POC-371,POC-371,5,7,2,6,Pocillopora,Site3,4,Sample,28.5,0.58,17:32,17:42,Light,7,437,
20200106,ACR-393_20200106,ACR-393,ACR-393,6,1,1,6,Acropora,Site3,5,Sample,28.5,0.6,17:32,17:42,Light,7,437,
20200106,ACR-350_20200106,ACR-350,ACR-350,7,3,1,6,Acropora,Site3,6,Sample,28.5,0.61,17:32,17:42,Light,7,437,
20200106,POR-362_20200106,POR-362,POR-362,8,2,1,6,Porites,Site3,7,Sample,28.5,0.595,17:32,17:42,Light,7,437,
20200106,POC-395_20200106,POC-395,POC-395,9,6,1,6,Pocillopora,Site3,8,Sample,28.5,0.605,17:32,17:42,Light,7,437,
20200106,POR-355_20200106,POR-355,POR-355,10,12,2,6,Porites,Site3,9,Sample,28.5,0.59,17:32,17:42,Light,7,437,
20200106,POC-377_20200106,POC-377,POC-377,1,10,2,6,Pocillopora,Site3,1,Sample,28.5,0.6,17:44,17:57,Light,8,652,
20200106,BK-6_20200106,BK-6,BK-6,2,4,1,6,BK,Site3,NA,Blank,28.5,0.61,17:44,17:57,Light,8,652,
20200106,ACR-389_20200106,ACR-389,ACR-389,3,9,2,6,Acropora,Site3,2,Sample,28.5,0.605,17:44,17:57,Light,8,652,
20200106,POR-353_20200106,POR-353,POR-353,4,8,2,6,Porites,Site3,3,Sample,28.5,0.58,17:44,17:57,Light,8,652,
20200106,POC-371_20200106,POC-371,POC-371,5,7,2,6,Pocillopora,Site3,4,Sample,28.5,0.58,17:44,17:57,Light,8,652,
20200106,ACR-393_20200106,ACR-393,ACR-393,6,1,1,6,Acropora,Site3,5,Sample,28.5,0.6,17:44,17:57,Light,8,652,
20200106,ACR-350_20200106,ACR-350,ACR-350,7,3,1,6,Acropora,Site3,6,Sample,28.5,0.61,17:44,17:57,Light,8,652,
20200106,POR-362_20200106,POR-362,POR-362,8,2,1,6,Porites,Site3,7,Sample,28.5,0.595,17:44,17:57,Light,8,652,
20200106,POC-395_20200106,POC-395,POC-395,9,6,1,6,Pocillopora,Site3,8,Sample,28.5,0.605,17:44,17:57,Light,8,652,
20200106,POR-355_20200106,POR-355,POR-355,10,12,2,6,Porites,Site3,9,Sample,28.5,0.59,17:44,17:57,Light,8,652,
20200106,POC-377_20200106,POC-377,POC-377,1,10,2,6,Pocillopora,Site3,1,Sample,28.5,0.6,17:59,18:09,Light,9,733,
20200106,BK-6_20200106,BK-6,BK-6,2,4,1,6,BK,Site3,NA,Blank,28.5,0.61,17:59,18:09,Light,9,733,
20200106,ACR-389_20200106,ACR-389,ACR-389,3,9,2,6,Acropora,Site3,2,Sample,28.5,0.605,17:59,18:09,Light,9,733,
20200106,POR-353_20200106,POR-353,POR-353,4,8,2,6,Porites,Site3,3,Sample,28.5,0.58,17:59,18:09,Light,9,733,
20200106,POC-371_20200106,POC-371,POC-371,5,7,2,6,Pocillopora,Site3,4,Sample,28.5,0.58,17:59,18:09,Light,9,733,
20200106,ACR-393_20200106,ACR-393,ACR-393,6,1,1,6,Acropora,Site3,5,Sample,28.5,0.6,17:59,18:09,Light,9,733,
20200106,ACR-350_20200106,ACR-350,ACR-350,7,3,1,6,Acropora,Site3,6,Sample,28.5,0.61,17:59,18:09,Light,9,733,
20200106,POR-362_20200106,POR-362,POR-362,8,2,1,6,Porites,Site3,7,Sample,28.5,0.595,17:59,18:09,Light,9,733,
20200106,POC-395_20200106,POC-395,POC-395,9,6,1,6,Pocillopora,Site3,8,Sample,28.5,0.605,17:59,18:09,Light,9,733,
20200106,POR-355_20200106,POR-355,POR-355,10,12,2,6,Porites,Site3,9,Sample,28.5,0.59,17:59,18:09,Light,9,733,
20200106,POC-377_20200106,POC-377,POC-377,1,10,2,6,Pocillopora,Site3,1,Sample,28.5,0.6,18:14,18:24,Light,10,835,
20200106,BK-6_20200106,BK-6,BK-6,2,4,1,6,BK,Site3,NA,Blank,28.5,0.61,18:14,18:24,Light,10,835,
20200106,ACR-389_20200106,ACR-389,ACR-389,3,9,2,6,Acropora,Site3,2,Sample,28.5,0.605,18:14,18:24,Light,10,835,
20200106,POR-353_20200106,POR-353,POR-353,4,8,2,6,Porites,Site3,3,Sample,28.5,0.58,18:14,18:24,Light,10,835,
20200106,POC-371_20200106,POC-371,POC-371,5,7,2,6,Pocillopora,Site3,4,Sample,28.5,0.58,18:14,18:24,Light,10,835,
20200106,ACR-393_20200106,ACR-393,ACR-393,6,1,1,6,Acropora,Site3,5,Sample,28.5,0.6,18:14,18:24,Light,10,835,
20200106,ACR-350_20200106,ACR-350,ACR-350,7,3,1,6,Acropora,Site3,6,Sample,28.5,0.61,18:14,18:24,Light,10,835,
20200106,POR-362_20200106,POR-362,POR-362,8,2,1,6,Porites,Site3,7,Sample,28.5,0.595,18:14,18:24,Light,10,835,
20200106,POC-395_20200106,POC-395,POC-395,9,6,1,6,Pocillopora,Site3,8,Sample,28.5,0.605,18:14,18:24,Light,10,835,
20200106,POR-355_20200106,POR-355,POR-355,10,12,2,6,Porites,Site3,9,Sample,28.5,0.59,18:14,18:24,Light,10,835,
20200107,POC-378_20200107,POC-378,POC-378,1,1,1,7,Pocillopora,Site3,1,Sample,28.5,0.585,9:41,9:53,Light,1,0,
20200107,POR-384_20200107,POR-384,POR-384,2,3,1,7,Porites,Site3,2,Sample,28.5,0.595,9:41,9:53,Light,1,0,
20200107,POR-383_20200107,POR-383,POR-383,3,2,1,7,Porites,Site3,3,Sample,28.5,0.605,9:41,9:53,Light,1,0,
20200107,BK-7_20200107,BK-7,BK-7,4,4,1,7,BK,Site3,NA,Blank,28.5,0.615,9:41,9:53,Light,1,0,
20200107,POC-369_20200107,POC-369,POC-369,5,10,2,7,Pocillopora,Site3,4,Sample,28.5,0.6,9:41,9:53,Light,1,0,
20200107,ACR-379_20200107,ACR-379,ACR-379,6,6,1,7,Acropora,Site3,5,Sample,28.5,0.6,9:41,9:53,Light,1,0,
20200107,POC-358_20200107,POC-358,POC-358,7,8,2,7,Pocillopora,Site3,6,Sample,28.5,0.605,9:41,9:53,Light,1,0,
20200107,ACR-343_20200107,ACR-343,ACR-343,8,12,2,7,Acropora,Site3,7,Sample,28.5,0.595,9:41,9:53,Light,1,0,
20200107,ACR-345_20200107,ACR-345,ACR-345,9,9,2,7,Acropora,Site3,8,Sample,28.5,0.605,9:41,9:53,Light,1,0,
20200107,POR-340_20200107,POR-340,POR-340,10,7,2,7,Porites,Site3,9,Sample,28.5,0.59,9:41,9:53,Light,1,0,
20200107,POC-378_20200107,POC-378,POC-378,1,1,1,7,Pocillopora,Site3,1,Sample,28.5,0.585,9:55,10:12,Light,2,67,
20200107,POR-384_20200107,POR-384,POR-384,2,3,1,7,Porites,Site3,2,Sample,28.5,0.595,9:55,10:12,Light,2,67,
20200107,POR-383_20200107,POR-383,POR-383,3,2,1,7,Porites,Site3,3,Sample,28.5,0.605,9:55,10:12,Light,2,67,
20200107,BK-7_20200107,BK-7,BK-7,4,4,1,7,BK,Site3,NA,Blank,28.5,0.615,9:55,10:12,Light,2,67,
20200107,POC-369_20200107,POC-369,POC-369,5,10,2,7,Pocillopora,Site3,4,Sample,28.5,0.6,9:55,10:12,Light,2,67,
20200107,ACR-379_20200107,ACR-379,ACR-379,6,6,1,7,Acropora,Site3,5,Sample,28.5,0.6,9:55,10:12,Light,2,67,
20200107,POC-358_20200107,POC-358,POC-358,7,8,2,7,Pocillopora,Site3,6,Sample,28.5,0.605,9:55,10:12,Light,2,67,
20200107,ACR-343_20200107,ACR-343,ACR-343,8,12,2,7,Acropora,Site3,7,Sample,28.5,0.595,9:55,10:12,Light,2,67,
20200107,ACR-345_20200107,ACR-345,ACR-345,9,9,2,7,Acropora,Site3,8,Sample,28.5,0.605,9:55,10:12,Light,2,67,
20200107,POR-340_20200107,POR-340,POR-340,10,7,2,7,Porites,Site3,9,Sample,28.5,0.59,9:55,10:12,Light,2,67,
20200107,POC-378_20200107,POC-378,POC-378,1,1,1,7,Pocillopora,Site3,1,Sample,28.5,0.585,10:14,10:24,Light,3,94,
20200107,POR-384_20200107,POR-384,POR-384,2,3,1,7,Porites,Site3,2,Sample,28.5,0.595,10:14,10:24,Light,3,94,
20200107,POR-383_20200107,POR-383,POR-383,3,2,1,7,Porites,Site3,3,Sample,28.5,0.605,10:14,10:24,Light,3,94,
20200107,BK-7_20200107,BK-7,BK-7,4,4,1,7,BK,Site3,NA,Blank,28.5,0.615,10:14,10:24,Light,3,94,
20200107,POC-369_20200107,POC-369,POC-369,5,10,2,7,Pocillopora,Site3,4,Sample,28.5,0.6,10:14,10:24,Light,3,94,
20200107,ACR-379_20200107,ACR-379,ACR-379,6,6,1,7,Acropora,Site3,5,Sample,28.5,0.6,10:14,10:24,Light,3,94,
20200107,POC-358_20200107,POC-358,POC-358,7,8,2,7,Pocillopora,Site3,6,Sample,28.5,0.605,10:14,10:24,Light,3,94,
20200107,ACR-343_20200107,ACR-343,ACR-343,8,12,2,7,Acropora,Site3,7,Sample,28.5,0.595,10:14,10:24,Light,3,94,
20200107,ACR-345_20200107,ACR-345,ACR-345,9,9,2,7,Acropora,Site3,8,Sample,28.5,0.605,10:14,10:24,Light,3,94,
20200107,POR-340_20200107,POR-340,POR-340,10,7,2,7,Porites,Site3,9,Sample,28.5,0.59,10:14,10:24,Light,3,94,
20200107,POC-378_20200107,POC-378,POC-378,1,1,1,7,Pocillopora,Site3,1,Sample,28.5,0.585,10:26,10:36,Light,4,120,
20200107,POR-384_20200107,POR-384,POR-384,2,3,1,7,Porites,Site3,2,Sample,28.5,0.595,10:26,10:36,Light,4,120,
20200107,POR-383_20200107,POR-383,POR-383,3,2,1,7,Porites,Site3,3,Sample,28.5,0.605,10:26,10:36,Light,4,120,
20200107,BK-7_20200107,BK-7,BK-7,4,4,1,7,BK,Site3,NA,Blank,28.5,0.615,10:26,10:36,Light,4,120,
20200107,POC-369_20200107,POC-369,POC-369,5,10,2,7,Pocillopora,Site3,4,Sample,28.5,0.6,10:26,10:36,Light,4,120,
20200107,ACR-379_20200107,ACR-379,ACR-379,6,6,1,7,Acropora,Site3,5,Sample,28.5,0.6,10:26,10:36,Light,4,120,
20200107,POC-358_20200107,POC-358,POC-358,7,8,2,7,Pocillopora,Site3,6,Sample,28.5,0.605,10:26,10:36,Light,4,120,
20200107,ACR-343_20200107,ACR-343,ACR-343,8,12,2,7,Acropora,Site3,7,Sample,28.5,0.595,10:26,10:36,Light,4,120,
20200107,ACR-345_20200107,ACR-345,ACR-345,9,9,2,7,Acropora,Site3,8,Sample,28.5,0.605,10:26,10:36,Light,4,120,
20200107,POR-340_20200107,POR-340,POR-340,10,7,2,7,Porites,Site3,9,Sample,28.5,0.59,10:26,10:36,Light,4,120,
20200107,POC-378_20200107,POC-378,POC-378,1,1,1,7,Pocillopora,Site3,1,Sample,28.5,0.585,10:38,10:48,Light,5,175,
20200107,POR-384_20200107,POR-384,POR-384,2,3,1,7,Porites,Site3,2,Sample,28.5,0.595,10:38,10:48,Light,5,175,
20200107,POR-383_20200107,POR-383,POR-383,3,2,1,7,Porites,Site3,3,Sample,28.5,0.605,10:38,10:48,Light,5,175,
20200107,BK-7_20200107,BK-7,BK-7,4,4,1,7,BK,Site3,NA,Blank,28.5,0.615,10:38,10:48,Light,5,175,
20200107,POC-369_20200107,POC-369,POC-369,5,10,2,7,Pocillopora,Site3,4,Sample,28.5,0.6,10:38,10:48,Light,5,175,
20200107,ACR-379_20200107,ACR-379,ACR-379,6,6,1,7,Acropora,Site3,5,Sample,28.5,0.6,10:38,10:48,Light,5,175,
20200107,POC-358_20200107,POC-358,POC-358,7,8,2,7,Pocillopora,Site3,6,Sample,28.5,0.605,10:38,10:48,Light,5,175,
20200107,ACR-343_20200107,ACR-343,ACR-343,8,12,2,7,Acropora,Site3,7,Sample,28.5,0.595,10:38,10:48,Light,5,175,
20200107,ACR-345_20200107,ACR-345,ACR-345,9,9,2,7,Acropora,Site3,8,Sample,28.5,0.605,10:38,10:48,Light,5,175,
20200107,POR-340_20200107,POR-340,POR-340,10,7,2,7,Porites,Site3,9,Sample,28.5,0.59,10:38,10:48,Light,5,175,
20200107,POC-378_20200107,POC-378,POC-378,1,1,1,7,Pocillopora,Site3,1,Sample,28.5,0.585,10:50,11:01,Light,6,280,
20200107,POR-384_20200107,POR-384,POR-384,2,3,1,7,Porites,Site3,2,Sample,28.5,0.595,10:50,11:01,Light,6,280,
20200107,POR-383_20200107,POR-383,POR-383,3,2,1,7,Porites,Site3,3,Sample,28.5,0.605,10:50,11:01,Light,6,280,
20200107,BK-7_20200107,BK-7,BK-7,4,4,1,7,BK,Site3,NA,Blank,28.5,0.615,10:50,11:01,Light,6,280,
20200107,POC-369_20200107,POC-369,POC-369,5,10,2,7,Pocillopora,Site3,4,Sample,28.5,0.6,10:50,11:01,Light,6,280,
20200107,ACR-379_20200107,ACR-379,ACR-379,6,6,1,7,Acropora,Site3,5,Sample,28.5,0.6,10:50,11:01,Light,6,280,
20200107,POC-358_20200107,POC-358,POC-358,7,8,2,7,Pocillopora,Site3,6,Sample,28.5,0.605,10:50,11:01,Light,6,280,
20200107,ACR-343_20200107,ACR-343,ACR-343,8,12,2,7,Acropora,Site3,7,Sample,28.5,0.595,10:50,11:01,Light,6,280,
20200107,ACR-345_20200107,ACR-345,ACR-345,9,9,2,7,Acropora,Site3,8,Sample,28.5,0.605,10:50,11:01,Light,6,280,
20200107,POR-340_20200107,POR-340,POR-340,10,7,2,7,Porites,Site3,9,Sample,28.5,0.59,10:50,11:01,Light,6,280,
20200107,POC-378_20200107,POC-378,POC-378,1,1,1,7,Pocillopora,Site3,1,Sample,28.5,0.585,11:05,11:20,Light,7,437,
20200107,POR-384_20200107,POR-384,POR-384,2,3,1,7,Porites,Site3,2,Sample,28.5,0.595,11:05,11:20,Light,7,437,
20200107,POR-383_20200107,POR-383,POR-383,3,2,1,7,Porites,Site3,3,Sample,28.5,0.605,11:05,11:20,Light,7,437,
20200107,BK-7_20200107,BK-7,BK-7,4,4,1,7,BK,Site3,NA,Blank,28.5,0.615,11:05,11:20,Light,7,437,
20200107,POC-369_20200107,POC-369,POC-369,5,10,2,7,Pocillopora,Site3,4,Sample,28.5,0.6,11:05,11:20,Light,7,437,
20200107,ACR-379_20200107,ACR-379,ACR-379,6,6,1,7,Acropora,Site3,5,Sample,28.5,0.6,11:05,11:20,Light,7,437,
20200107,POC-358_20200107,POC-358,POC-358,7,8,2,7,Pocillopora,Site3,6,Sample,28.5,0.605,11:05,11:20,Light,7,437,
20200107,ACR-343_20200107,ACR-343,ACR-343,8,12,2,7,Acropora,Site3,7,Sample,28.5,0.595,11:05,11:20,Light,7,437,
20200107,ACR-345_20200107,ACR-345,ACR-345,9,9,2,7,Acropora,Site3,8,Sample,28.5,0.605,11:05,11:20,Light,7,437,
20200107,POR-340_20200107,POR-340,POR-340,10,7,2,7,Porites,Site3,9,Sample,28.5,0.59,11:05,11:20,Light,7,437,
20200107,POC-378_20200107,POC-378,POC-378,1,1,1,7,Pocillopora,Site3,1,Sample,28.5,0.585,11:22,11:32,Light,8,652,
20200107,POR-384_20200107,POR-384,POR-384,2,3,1,7,Porites,Site3,2,Sample,28.5,0.595,11:22,11:32,Light,8,652,
20200107,POR-383_20200107,POR-383,POR-383,3,2,1,7,Porites,Site3,3,Sample,28.5,0.605,11:22,11:32,Light,8,652,
20200107,BK-7_20200107,BK-7,BK-7,4,4,1,7,BK,Site3,NA,Blank,28.5,0.615,11:22,11:32,Light,8,652,
20200107,POC-369_20200107,POC-369,POC-369,5,10,2,7,Pocillopora,Site3,4,Sample,28.5,0.6,11:22,11:32,Light,8,652,
20200107,ACR-379_20200107,ACR-379,ACR-379,6,6,1,7,Acropora,Site3,5,Sample,28.5,0.6,11:22,11:32,Light,8,652,
20200107,POC-358_20200107,POC-358,POC-358,7,8,2,7,Pocillopora,Site3,6,Sample,28.5,0.605,11:22,11:32,Light,8,652,
20200107,ACR-343_20200107,ACR-343,ACR-343,8,12,2,7,Acropora,Site3,7,Sample,28.5,0.595,11:22,11:32,Light,8,652,
20200107,ACR-345_20200107,ACR-345,ACR-345,9,9,2,7,Acropora,Site3,8,Sample,28.5,0.605,11:22,11:32,Light,8,652,
20200107,POR-340_20200107,POR-340,POR-340,10,7,2,7,Porites,Site3,9,Sample,28.5,0.59,11:22,11:32,Light,8,652,
20200107,POC-378_20200107,POC-378,POC-378,1,1,1,7,Pocillopora,Site3,1,Sample,28.5,0.585,11:34,11:44,Light,9,733,
20200107,POR-384_20200107,POR-384,POR-384,2,3,1,7,Porites,Site3,2,Sample,28.5,0.595,11:34,11:44,Light,9,733,
20200107,POR-383_20200107,POR-383,POR-383,3,2,1,7,Porites,Site3,3,Sample,28.5,0.605,11:34,11:44,Light,9,733,
20200107,BK-7_20200107,BK-7,BK-7,4,4,1,7,BK,Site3,NA,Blank,28.5,0.615,11:34,11:44,Light,9,733,
20200107,POC-369_20200107,POC-369,POC-369,5,10,2,7,Pocillopora,Site3,4,Sample,28.5,0.6,11:34,11:44,Light,9,733,
20200107,ACR-379_20200107,ACR-379,ACR-379,6,6,1,7,Acropora,Site3,5,Sample,28.5,0.6,11:34,11:44,Light,9,733,
20200107,POC-358_20200107,POC-358,POC-358,7,8,2,7,Pocillopora,Site3,6,Sample,28.5,0.605,11:34,11:44,Light,9,733,
20200107,ACR-343_20200107,ACR-343,ACR-343,8,12,2,7,Acropora,Site3,7,Sample,28.5,0.595,11:34,11:44,Light,9,733,
20200107,ACR-345_20200107,ACR-345,ACR-345,9,9,2,7,Acropora,Site3,8,Sample,28.5,0.605,11:34,11:44,Light,9,733,
20200107,POR-340_20200107,POR-340,POR-340,10,7,2,7,Porites,Site3,9,Sample,28.5,0.59,11:34,11:44,Light,9,733,
20200107,POC-378_20200107,POC-378,POC-378,1,1,1,7,Pocillopora,Site3,1,Sample,28.5,0.585,11:48,11:58,Light,10,835,
20200107,POR-384_20200107,POR-384,POR-384,2,3,1,7,Porites,Site3,2,Sample,28.5,0.595,11:48,11:58,Light,10,835,
20200107,POR-383_20200107,POR-383,POR-383,3,2,1,7,Porites,Site3,3,Sample,28.5,0.605,11:48,11:58,Light,10,835,
20200107,BK-7_20200107,BK-7,BK-7,4,4,1,7,BK,Site3,NA,Blank,28.5,0.615,11:48,11:58,Light,10,835,
20200107,POC-369_20200107,POC-369,POC-369,5,10,2,7,Pocillopora,Site3,4,Sample,28.5,0.6,11:48,11:58,Light,10,835,
20200107,ACR-379_20200107,ACR-379,ACR-379,6,6,1,7,Acropora,Site3,5,Sample,28.5,0.6,11:48,11:58,Light,10,835,
20200107,POC-358_20200107,POC-358,POC-358,7,8,2,7,Pocillopora,Site3,6,Sample,28.5,0.605,11:48,11:58,Light,10,835,
20200107,ACR-343_20200107,ACR-343,ACR-343,8,12,2,7,Acropora,Site3,7,Sample,28.5,0.595,11:48,11:58,Light,10,835,
20200107,ACR-345_20200107,ACR-345,ACR-345,9,9,2,7,Acropora,Site3,8,Sample,28.5,0.605,11:48,11:58,Light,10,835,
20200107,POR-340_20200107,POR-340,POR-340,10,7,2,7,Porites,Site3,9,Sample,28.5,0.59,11:48,11:58,Light,10,835,
20200107,POC-373_20200107,POC-373,POC-373,1,10,2,8,Pocillopora,Site3,1,Sample,28.5,,14:55,15:05,Light,1,0,
20200107,POR-381_20200107,POR-381,POR-381,2,12,2,8,Porites,Site3,2,Sample,28.5,,14:55,15:05,Light,1,0,
20200107,ACR-363_20200107,ACR-363,ACR-363,3,1,1,8,Acropora,Site3,3,Sample,28.5,,14:55,15:05,Light,1,0,
20200107,ACR-364_20200107,ACR-364,ACR-364,4,11,2,8,Acropora,Site3,4,Sample,28.5,,14:55,15:05,Light,1,0,
20200107,ACR-368_20200107,ACR-368,ACR-368,5,3,1,8,Acropora,Site3,5,Sample,28.5,,14:55,15:05,Light,1,0,
20200107,POC-391_20200107,POC-391,POC-391,6,5,1,8,Pocillopora,Site3,6,Sample,28.5,,14:55,15:05,Light,1,0,
20200107,POR-344_20200107,POR-344,POR-344,7,6,1,8,Porites,Site3,7,Sample,28.5,,14:55,15:05,Light,1,0,
20200107,POC-394_20200107,POC-394,POC-394,8,2,1,8,Pocillopora,Site3,8,Sample,28.5,,14:55,15:05,Light,1,0,
20200107,BK-8_20200107,BK-8,BK-8,9,9,2,8,BK,Site3,NA,Blank,28.5,,14:55,15:05,Light,1,0,
20200107,POR-357_20200107,POR-357,POR-357,10,8,2,8,Porites,Site3,1,Sample,28.5,,14:55,15:05,Light,1,0,
20200107,POC-373_20200107,POC-373,POC-373,1,10,2,8,Pocillopora,Site3,2,Sample,28.5,,,,Light,2,67,
20200107,POR-381_20200107,POR-381,POR-381,2,12,2,8,Porites,Site3,3,Sample,28.5,,,,Light,2,67,
20200107,ACR-363_20200107,ACR-363,ACR-363,3,1,1,8,Acropora,Site3,4,Sample,28.5,,,,Light,2,67,
20200107,ACR-364_20200107,ACR-364,ACR-364,4,11,2,8,Acropora,Site3,5,Sample,28.5,,,,Light,2,67,
20200107,ACR-368_20200107,ACR-368,ACR-368,5,3,1,8,Acropora,Site3,6,Sample,28.5,,,,Light,2,67,
20200107,POC-391_20200107,POC-391,POC-391,6,5,1,8,Pocillopora,Site3,7,Sample,28.5,,,,Light,2,67,
20200107,POR-344_20200107,POR-344,POR-344,7,6,1,8,Porites,Site3,8,Sample,28.5,,,,Light,2,67,
20200107,POC-394_20200107,POC-394,POC-394,8,2,1,8,Pocillopora,Site3,NA,Blank,28.5,,,,Light,2,67,
20200107,BK-8_20200107,BK-8,BK-8,9,9,2,8,BK,Site3,1,Sample,28.5,,,,Light,2,67,
20200107,POR-357_20200107,POR-357,POR-357,10,8,2,8,Porites,Site3,2,Sample,28.5,,,,Light,2,67,
20200107,POC-373_20200107,POC-373,POC-373,1,10,2,8,Pocillopora,Site3,3,Sample,28.5,,,,Light,3,94,
20200107,POR-381_20200107,POR-381,POR-381,2,12,2,8,Porites,Site3,4,Sample,28.5,,,,Light,3,94,
20200107,ACR-363_20200107,ACR-363,ACR-363,3,1,1,8,Acropora,Site3,5,Sample,28.5,,,,Light,3,94,
20200107,ACR-364_20200107,ACR-364,ACR-364,4,11,2,8,Acropora,Site3,6,Sample,28.5,,,,Light,3,94,
20200107,ACR-368_20200107,ACR-368,ACR-368,5,3,1,8,Acropora,Site3,7,Sample,28.5,,,,Light,3,94,
20200107,POC-391_20200107,POC-391,POC-391,6,5,1,8,Pocillopora,Site3,8,Sample,28.5,,,,Light,3,94,
20200107,POR-344_20200107,POR-344,POR-344,7,6,1,8,Porites,Site3,NA,Blank,28.5,,,,Light,3,94,
20200107,POC-394_20200107,POC-394,POC-394,8,2,1,8,Pocillopora,Site3,1,Sample,28.5,,,,Light,3,94,
20200107,BK-8_20200107,BK-8,BK-8,9,9,2,8,BK,Site3,2,Sample,28.5,,,,Light,3,94,
20200107,POR-357_20200107,POR-357,POR-357,10,8,2,8,Porites,Site3,3,Sample,28.5,,,,Light,3,94,
20200107,POC-373_20200107,POC-373,POC-373,1,10,2,8,Pocillopora,Site3,4,Sample,28.5,,,,Light,4,120,
20200107,POR-381_20200107,POR-381,POR-381,2,12,2,8,Porites,Site3,5,Sample,28.5,,,,Light,4,120,
20200107,ACR-363_20200107,ACR-363,ACR-363,3,1,1,8,Acropora,Site3,6,Sample,28.5,,,,Light,4,120,
20200107,ACR-364_20200107,ACR-364,ACR-364,4,11,2,8,Acropora,Site3,7,Sample,28.5,,,,Light,4,120,
20200107,ACR-368_20200107,ACR-368,ACR-368,5,3,1,8,Acropora,Site3,8,Sample,28.5,,,,Light,4,120,
20200107,POC-391_20200107,POC-391,POC-391,6,5,1,8,Pocillopora,Site3,NA,Blank,28.5,,,,Light,4,120,
20200107,POR-344_20200107,POR-344,POR-344,7,6,1,8,Porites,Site3,1,Sample,28.5,,,,Light,4,120,
20200107,POC-394_20200107,POC-394,POC-394,8,2,1,8,Pocillopora,Site3,2,Sample,28.5,,,,Light,4,120,
20200107,BK-8_20200107,BK-8,BK-8,9,9,2,8,BK,Site3,3,Sample,28.5,,,,Light,4,120,
20200107,POR-357_20200107,POR-357,POR-357,10,8,2,8,Porites,Site3,4,Sample,28.5,,,,Light,4,120,
20200107,POC-373_20200107,POC-373,POC-373,1,10,2,8,Pocillopora,Site3,5,Sample,28.5,,,,Light,5,175,
20200107,POR-381_20200107,POR-381,POR-381,2,12,2,8,Porites,Site3,6,Sample,28.5,,,,Light,5,175,
20200107,ACR-363_20200107,ACR-363,ACR-363,3,1,1,8,Acropora,Site3,7,Sample,28.5,,,,Light,5,175,
20200107,ACR-364_20200107,ACR-364,ACR-364,4,11,2,8,Acropora,Site3,8,Sample,28.5,,,,Light,5,175,
20200107,ACR-368_20200107,ACR-368,ACR-368,5,3,1,8,Acropora,Site3,NA,Blank,28.5,,,,Light,5,175,
20200107,POC-391_20200107,POC-391,POC-391,6,5,1,8,Pocillopora,Site3,1,Sample,28.5,,,,Light,5,175,
20200107,POR-344_20200107,POR-344,POR-344,7,6,1,8,Porites,Site3,2,Sample,28.5,,,,Light,5,175,
20200107,POC-394_20200107,POC-394,POC-394,8,2,1,8,Pocillopora,Site3,3,Sample,28.5,,,,Light,5,175,
20200107,BK-8_20200107,BK-8,BK-8,9,9,2,8,BK,Site3,4,Sample,28.5,,,,Light,5,175,
20200107,POR-357_20200107,POR-357,POR-357,10,8,2,8,Porites,Site3,5,Sample,28.5,,,,Light,5,175,
20200107,POC-373_20200107,POC-373,POC-373,1,10,2,8,Pocillopora,Site3,6,Sample,28.5,,,,Light,6,280,
20200107,POR-381_20200107,POR-381,POR-381,2,12,2,8,Porites,Site3,7,Sample,28.5,,,,Light,6,280,
20200107,ACR-363_20200107,ACR-363,ACR-363,3,1,1,8,Acropora,Site3,8,Sample,28.5,,,,Light,6,280,
20200107,ACR-364_20200107,ACR-364,ACR-364,4,11,2,8,Acropora,Site3,NA,Blank,28.5,,,,Light,6,280,
20200107,ACR-368_20200107,ACR-368,ACR-368,5,3,1,8,Acropora,Site3,1,Sample,28.5,,,,Light,6,280,
20200107,POC-391_20200107,POC-391,POC-391,6,5,1,8,Pocillopora,Site3,2,Sample,28.5,,,,Light,6,280,
20200107,POR-344_20200107,POR-344,POR-344,7,6,1,8,Porites,Site3,3,Sample,28.5,,,,Light,6,280,
20200107,POC-394_20200107,POC-394,POC-394,8,2,1,8,Pocillopora,Site3,4,Sample,28.5,,,,Light,6,280,
20200107,BK-8_20200107,BK-8,BK-8,9,9,2,8,BK,Site3,5,Sample,28.5,,,,Light,6,280,
20200107,POR-357_20200107,POR-357,POR-357,10,8,2,8,Porites,Site3,6,Sample,28.5,,,,Light,6,280,
20200107,POC-373_20200107,POC-373,POC-373,1,10,2,8,Pocillopora,Site3,7,Sample,28.5,,,,Light,7,437,
20200107,POR-381_20200107,POR-381,POR-381,2,12,2,8,Porites,Site3,8,Sample,28.5,,,,Light,7,437,
20200107,ACR-363_20200107,ACR-363,ACR-363,3,1,1,8,Acropora,Site3,NA,Blank,28.5,,,,Light,7,437,
20200107,ACR-364_20200107,ACR-364,ACR-364,4,11,2,8,Acropora,Site3,1,Sample,28.5,,,,Light,7,437,
20200107,ACR-368_20200107,ACR-368,ACR-368,5,3,1,8,Acropora,Site3,2,Sample,28.5,,,,Light,7,437,
20200107,POC-391_20200107,POC-391,POC-391,6,5,1,8,Pocillopora,Site3,3,Sample,28.5,,,,Light,7,437,
20200107,POR-344_20200107,POR-344,POR-344,7,6,1,8,Porites,Site3,4,Sample,28.5,,,,Light,7,437,
20200107,POC-394_20200107,POC-394,POC-394,8,2,1,8,Pocillopora,Site3,5,Sample,28.5,,,,Light,7,437,
20200107,BK-8_20200107,BK-8,BK-8,9,9,2,8,BK,Site3,6,Sample,28.5,,,,Light,7,437,
20200107,POR-357_20200107,POR-357,POR-357,10,8,2,8,Porites,Site3,7,Sample,28.5,,,,Light,7,437,
20200107,POC-373_20200107,POC-373,POC-373,1,10,2,8,Pocillopora,Site3,8,Sample,28.5,,,,Light,8,652,
20200107,POR-381_20200107,POR-381,POR-381,2,12,2,8,Porites,Site3,NA,Blank,28.5,,,,Light,8,652,
20200107,ACR-363_20200107,ACR-363,ACR-363,3,1,1,8,Acropora,Site3,1,Sample,28.5,,,,Light,8,652,
20200107,ACR-364_20200107,ACR-364,ACR-364,4,11,2,8,Acropora,Site3,2,Sample,28.5,,,,Light,8,652,
20200107,ACR-368_20200107,ACR-368,ACR-368,5,3,1,8,Acropora,Site3,3,Sample,28.5,,,,Light,8,652,
20200107,POC-391_20200107,POC-391,POC-391,6,5,1,8,Pocillopora,Site3,4,Sample,28.5,,,,Light,8,652,
20200107,POR-344_20200107,POR-344,POR-344,7,6,1,8,Porites,Site3,5,Sample,28.5,,,,Light,8,652,
20200107,POC-394_20200107,POC-394,POC-394,8,2,1,8,Pocillopora,Site3,6,Sample,28.5,,,,Light,8,652,
20200107,BK-8_20200107,BK-8,BK-8,9,9,2,8,BK,Site3,7,Sample,28.5,,,,Light,8,652,
20200107,POR-357_20200107,POR-357,POR-357,10,8,2,8,Porites,Site3,8,Sample,28.5,,,,Light,8,652,
20200107,POC-373_20200107,POC-373,POC-373,1,10,2,8,Pocillopora,Site3,NA,Blank,28.5,,,,Light,9,733,
20200107,POR-381_20200107,POR-381,POR-381,2,12,2,8,Porites,Site3,1,Sample,28.5,,,,Light,9,733,
20200107,ACR-363_20200107,ACR-363,ACR-363,3,1,1,8,Acropora,Site3,2,Sample,28.5,,,,Light,9,733,
20200107,ACR-364_20200107,ACR-364,ACR-364,4,11,2,8,Acropora,Site3,3,Sample,28.5,,,,Light,9,733,
20200107,ACR-368_20200107,ACR-368,ACR-368,5,3,1,8,Acropora,Site3,4,Sample,28.5,,,,Light,9,733,
20200107,POC-391_20200107,POC-391,POC-391,6,5,1,8,Pocillopora,Site3,5,Sample,28.5,,,,Light,9,733,
20200107,POR-344_20200107,POR-344,POR-344,7,6,1,8,Porites,Site3,6,Sample,28.5,,,,Light,9,733,
20200107,POC-394_20200107,POC-394,POC-394,8,2,1,8,Pocillopora,Site3,7,Sample,28.5,,,,Light,9,733,
20200107,BK-8_20200107,BK-8,BK-8,9,9,2,8,BK,Site3,8,Sample,28.5,,,,Light,9,733,
20200107,POR-357_20200107,POR-357,POR-357,10,8,2,8,Porites,Site3,NA,Blank,28.5,,,,Light,9,733,
20200107,POC-373_20200107,POC-373,POC-373,1,10,2,8,Pocillopora,Site3,1,Sample,28.5,,,,Light,10,,
20200107,POR-381_20200107,POR-381,POR-381,2,12,2,8,Porites,Site3,2,Sample,28.5,,,,Light,10,,
20200107,ACR-363_20200107,ACR-363,ACR-363,3,1,1,8,Acropora,Site3,3,Sample,28.5,,,,Light,10,,
20200107,ACR-364_20200107,ACR-364,ACR-364,4,11,2,8,Acropora,Site3,4,Sample,28.5,,,,Light,10,,
20200107,ACR-368_20200107,ACR-368,ACR-368,5,3,1,8,Acropora,Site3,5,Sample,28.5,,,,Light,10,,
20200107,POC-391_20200107,POC-391,POC-391,6,5,1,8,Pocillopora,Site3,6,Sample,28.5,,,,Light,10,,
20200107,POR-344_20200107,POR-344,POR-344,7,6,1,8,Porites,Site3,7,Sample,28.5,,,,Light,10,,
20200107,POC-394_20200107,POC-394,POC-394,8,2,1,8,Pocillopora,Site3,8,Sample,28.5,,,,Light,10,,
20200107,BK-8_20200107,BK-8,BK-8,9,9,2,8,BK,Site3,NA,Blank,28.5,,,,Light,10,,
20200107,POR-357_20200107,POR-357,POR-357,10,8,2,8,Porites,Site3,,,28.5,,,,Light,10,,